date,batch,Number,Temperature,Density,K,Na,Ca,Mg,HCO3,SO4,Cl,pH,pe,Li,Sr,B,Br,NO3,TDS,B2O3,Rb ug/L,Cs ug/L
2021/8/29,1, D01-1,21.3,1.2127,0.15 ,3.44 ,0.03 ,1.30 ,0.01 ,0.05 ,5.94 ,6.86 ,,0.00882853,0.000330861,0.006704903,7.51E-05,0.000329006,333.78,,,
2021/8/29,1, D01-2,18.9,1.2194,0.317993365,2.833825777,0.028369679,1.57041761,0.010675748,0.04479492,5.871125152,6.78,,0.009083573,0.000354828,0.007392229,5.76E-05,0.000359649,330.19,,,
2021/8/29,1, D01-3,17.6,1.222,0.372829509,2.589760689,0.028045312,1.619008434,0.010842915,0.04483656,5.724057202,6.72,,0.00945245,0.000357909,0.007688252,5.13E-05,0.000127409,322.68,,,
2021/8/29,1, D01-4,15.9,1.2349,0.665527657,2.166006975,0.027172015,1.849413701,0.011762334,0.041484489,5.766733422,6.62,,0.009501441,0.000372175,0.007764107,6.13E-05,9.68E-05,331.2,,,
2021/8/29,1, D01-5,13.8,1.2616,0.375182553,0.661033175,0.022503618,3.205348694,0.015749761,0.024744951,7.002228302,6.2,,0.01173487,0.000292856,0.008787234,3.25E-05,0.000216112,360.48,,,
2021/8/29,1, D01-6,13.3,1.267,0.287045728,0.539674844,0.024364988,3.466447233,0.016048039,0.021507391,7.40896398,5.95,,0.012393372,0.000279388,0.009990749,4.26E-05,0.000216112,374.81,,,
2021/8/29,1, D01-7,12.4,1.2666,0.260701872,0.53301971,0.024252707,3.460275663,0.016362707,0.021320008,7.390009308,5.88,,0.012878963,0.00027528,0.009978723,5.38E-05,0.000201597,372.8,,,
2021/8/29,1, D01-8,12.1,1.2643,0.270779036,0.569818688,0.025200858,3.374490846,0.015302343,0.022298563,7.25439314,5.88,,0.012573487,0.000281328,0.010056429,6.38E-05,0.000195146,367.22,,,
2021/8/29,1, D06-1,20.3,1.2103,0.110362855,3.657887994,0.031039473,1.221394775,0.007701158,0.047740995,5.994330522,6.91,,0.008742075,0.000377882,0.006010176,9.89E-05,0.000179018,337.09,,,
2021/8/29,1, D06-2,19.2,1.237,0.697012402,1.96191619,0.026972404,1.958691627,0.011423083,0.040693317,5.783149522,6.6,,0.00965562,0.000368295,0.008038853,0.000110132,0.000185469,330.89,,,
2021/8/29,1, D06-3,17.5,1.2394,0.753945824,2.003934881,0.027521333,2.071795927,0.011862307,0.040495524,6.051138127,6.57,,0.009612392,0.000371947,0.008311748,1.75E-05,0.000141924,346.35,,,
2021/8/29,1, D11-1,21.3,1.2081,0.039080983,3.738924041,0.029592295,1.1462662,0.007592991,0.05132209,5.918088737,6.95,,0.008942363,0.00030404,0.005531915,9.64E-05,0.000122571,331.9,,,
2021/8/29,1, D11-2,21,1.2077,0.0373162,3.775940506,0.02894356,1.103846945,0.007360268,0.050458047,5.8722252,6.87,,0.008628242,0.000296165,0.005675301,0.000110132,0.000120958,329.9,,,
2021/8/29,1, BS1,21.3,1.2305,0.363 ,1.885 ,0.046 ,2.153 ,0.013 ,0.046 ,6.083 ,6.460 ,4.000 ,0.012739193,0.00059701,0.006811286,0.000177713,0.000351585,332.81,,,
2021/8/29,1, CL1,16.5,1.2168,0.235150889,2.835739672,0.038100704,1.55926764,0.010577415,0.047605663,5.845231715,6.64,,0.00951585,0.000354942,0.005282146,0.000163947,0.000369326,326.45,,,
2021/8/29,1, HS1,20.5,1.1982,0.036 ,2.740 ,0.039 ,1.522 ,0.013 ,0.066 ,5.634 ,6.940 ,4.000 ,0.012050432,0.000344442,0.005476411,0.001063777,7.58E-05,310.1,,,
2021/9/10,2, D01-1,19.5,1.2163,0.30 ,2.71 ,0.03 ,1.39 ,0.01 ,0.05 ,5.77 ,6.82 ,,0.009221902,0.000435974,0.00693802,0.000173959,0.000291106,319.1,241.5,,
2021/9/10,2, D01-2,18.8,1.2176,0.356281475,2.40502634,0.031763062,1.605019543,0.010079191,0.043452009,5.936704933,6.76,,0.00945245,0.000391463,0.008418131,0.000260938,4.84E-07,325,293,,
2021/9/10,2, D01-3,17.6,1.2193,0.377765785,2.408636642,0.031139278,1.591853528,0.010228331,0.042296481,5.936704933,6.74,,0.00925072,0.000382333,0.007992599,0.000187725,4.84E-07,325.4,278.2,,
2021/9/10,2, D01-4,16.7,1.2319,0.73583762,1.861741195,0.030590349,1.882328739,0.011255916,0.039714762,6.332468338,6.61,,0.009596542,0.00041543,0.008492137,0.00012515,0.001071689,347.8,295.6,,
2021/9/10,2, D01-5,15.1,1.2418,0.716143669,1.132373274,0.027845701,2.44517589,0.025157006,0.034728295,6.699997179,6.43,,0.01056196,0.000381192,0.008778908,5.26E-05,0.00151359,357.3,305.6,,
2021/9/10,2, D01-6,14.8,1.2454,0.552453687,0.868690764,0.026772793,2.727422341,0.027812012,0.030022902,6.841339238,6.34,,0.010951009,0.000350377,0.008889917,0.000143297,0.001569231,356.4,309.4,,
2021/9/10,2, D06-1,20.4,1.2129,0.154840492,3.007468235,0.031588403,1.249125694,0.007733936,0.045055174,5.62572984,6.86,,0.008616715,0.000398311,0.006234968,9.82E-05,0.000173373,311.3,217,,
2021/9/10,2, D06-2,20.1,1.2316,0.814101892,1.968962803,0.032436748,1.704176095,0.009466245,0.042379763,6.162863509,6.61,,0.009106628,0.00041543,0.007308048,0.00403359,4.84E-07,343.5,254.4,,
2021/9/10,2, D06-3,19.1,1.2357,0.900294898,2.011329474,0.032436748,1.690598642,0.009507218,0.041775973,6.264632048,6.55,,0.009106628,0.000422278,0.008344126,0.000286594,4.84E-07,350.7,290.4,,
2021/9/10,2, D11-1,20.8,1.2092,0.042022287,3.394857947,0.032212186,1.07714462,0.013511033,0.04676244,5.5465828,6.98,,0.008458213,0.000325268,0.007659574,0.000130156,4.84E-07,309.3,266.6,,
2021/9/10,2, D11-2,20.4,1.2084,0.042457089,3.377415406,0.032786067,1.078790372,0.006788294,0.047334999,5.540913322,7.01,,0.008501441,0.000325268,0.006373728,7.70E-05,4.84E-07,308.4,221.9,,
2021/9/10,2, BS1,16.5,1.2345,0.511 ,1.415 ,0.041 ,2.208 ,0.012 ,0.039 ,6.332 ,6.450 ,4.000 ,0.01259366,0.000631134,0.010120259,5.51E-05,4.84E-07,337.1,352.3,,
2021/9/10,2, CL1,18.5,1.2225,0.361908318,2.108068158,0.031114327,1.785640815,0.011033027,0.043743494,6.004541224,6.63,,0.01056196,0.000383474,0.008704903,7.70E-05,0.000601565,325.3,303,,
2021/9/10,2, CL2,18.4,1.2275,0.437359169,1.842993725,0.029667149,1.992182678,0.011405056,0.04023527,6.2306998,6.54,,0.00981268,0.000354942,0.00906568,0.000290348,0.000295138,334.8,315.6,,
2021/9/10,2, HS1,27.5,1.2009,0.045 ,2.188 ,0.032 ,1.568 ,0.013 ,0.059 ,5.303 ,6.990 ,4.000 ,0.012665706,0.000368637,0.009158187,0.000316004,0.000389485,286.2,318.8,,
2021/9/20,3, D01-1,19.6,1.2126,0.21 ,2.93 ,0.03 ,1.29 ,0.01 ,0.05 ,5.67 ,6.84 ,,0.008804035,0.000393746,0.009287697,0.000125025,4.84E-07,314.3, ,,
2021/9/20,3, D01-2,18.3,1.2164,0.282876749,2.765099554,0.030465592,1.415758074,0.009813691,0.046981054,5.823625645,6.76,,0.008645533,0.000390322,0.009269195,0.000120019,4.84E-07,322, ,,
2021/9/20,3, D01-3,17.4,1.2179,0.326868432,2.620513499,0.030091322,1.488171158,0.010170969,0.046346034,5.868840437,6.76,,0.009005764,0.000391463,0.008482886,0.000123774,4.84E-07,323.7, ,,
2021/9/20,3, D01-4,16.6,1.2268,0.54068847,2.235298667,0.030141225,1.686072825,0.011123166,0.043753904,6.094999013,6.61,,0.009005764,0.000404017,0.010767808,0.000105001,4.84E-07,335.9, ,,
2021/9/20,3, D01-5,15.9,1.2416,0.747858603,1.56356508,0.028294825,2.143591854,0.01265717,0.04027691,6.547344371,6.49,,0.010057637,0.000392604,0.010425532,0.00014142,0.000219338,355.4, ,,
2021/9/20,3, D01-6,15.2,1.2604,0.444776371,0.571863075,0.026024253,3.139271755,0.014546813,0.028232355,7.259724142,6.14,,0.010893372,0.000337822,0.011406105,0.000136163,0.000601565,369.1, ,,
2021/9/20,3, D01-7,13,1.2695,0.283644046,0.426581059,0.028694047,3.438798601,0.015443288,0.023714345,7.565057964,5.91,,0.011916427,0.000313855,0.011914894,0.00019148,0.000650755,377.3, ,,
2021/9/20,3, D01-8,12.4,1.2687,0.297711154,0.456028941,0.029267928,3.416992388,0.01548426,0.023985009,7.565057964,5.9,,0.011873199,0.00031842,0.012340426,0.000153184,0.001131362,378.1, ,,
2021/9/20,3, D06-1,18.9,1.2107,0.126731853,3.231306935,0.030939668,1.142563259,0.008222326,0.049531543,5.58615632,6.96,,0.008025937,0.000392604,0.008057354,0.000114638,0.000411258,311.8, ,,
2021/9/20,3, D06-2,17.9,1.2199,0.429686201,2.675363985,0.030390738,1.322361654,0.009249911,0.04807412,5.69356613,6.84,,0.008285303,0.000399452,0.008038853,0.000121145,6.05E-05,318.9, ,,
2021/9/20,3, D06-3,17.3,1.2335,0.807963518,2.233776251,0.030091322,1.544538161,0.003033591,0.045804705,6.08371647,6.66,,0.008256484,0.000408583,0.008973173,0.000126277,4.84E-07,342.2, ,,
2021/9/20,3, D11-1,18.9,1.2076,0.041024802,3.389681732,0.033634413,1.019131866,0.006714544,0.051655215,5.416523284,7.05,,0.008458213,0.00033554,0.006373728,0.000116515,0.000120152,303.2, ,,
2021/9/20,3, D11-2,18.2,1.2075,0.039566938,3.411387039,0.03395878,1.032297881,0.006812878,0.05262336,5.461766282,7.16,,0.008544669,0.000338964,0.006281221,0.000114262,0.000553182,305.7, ,,
2021/9/20,3, BS1,17,1.2315,0.428 ,1.296 ,0.039 ,2.234 ,0.013 ,0.044 ,6.152 ,6.560 ,4.000 ,0.012795389,0.000663091,0.012506938,0.000156813,0.000187082,325.8, ,,
2021/9/20,3, CL1,18,1.219,0.298222685,2.148085959,0.032212186,1.690187204,0.010692137,0.054674162,5.755761149,6.72,,0.010518732,0.0004063,0.011313599,0.000142045,4.84E-07,313.6, ,,
2021/9/20,3, HS1,22.6,1.2007,0.043 ,2.143 ,0.033 ,1.578 ,0.013 ,0.066 ,5.247 ,7.080 ,4.000 ,0.012651297,0.000386898,0.010786309,0.000144423,4.84E-07,284.1, ,,
2021/10/1,4, D01-1,18.6,1.2122,0.17 ,3.09 ,0.03 ,1.25 ,0.01 ,0.05 ,5.72 ,6.80 ,,0.009606628,0.000331545,0.007348751,2.69E-05,2.42E-05,317.3,255.8,,
2021/10/1,4, D01-2,17.3,1.213,0.222234726,2.869276329,0.031089376,1.349475417,0.009834996,0.044992713,5.758299721,6.79,,0.009368876,0.000353801,0.007241443,0.000193357,0.004325465,318.2,252.1,,
2021/10/1,4, D01-3,16.9,1.2156,0.27543397,2.730083978,0.030465592,1.448302818,0.01006608,0.044669998,5.869376357,6.74,,0.009662824,0.000351746,0.007577243,0.000378579,0.000300783,323.2,263.7,,
2021/10/1,4, D01-4,17,1.2261,0.507541249,2.390933115,0.02894356,1.622382226,0.010785554,0.039933375,6.109073985,6.72,,0.009919308,0.000345469,0.008215541,0.000323513,0.000103218,336.7,286,,
2021/10/1,4, D01-5,15.8,1.2422,0.732870739,1.631421351,0.028070263,2.131701296,0.012699781,0.034946908,6.600146673,6.5,,0.011014409,0.000345583,0.008738205,0.000394223,0.000608016,357.5,304.2,,
2021/10/1,4, D01-6,15.6,1.2632,0.484241003,0.464684965,0.022331454,3.297469656,0.013120977,0.022954403,7.535497701,5.98,,0.010863112,0.000300274,0.008523589,0.000140794,0.001228935,381.1,296.7,,
2021/10/1,4, D01-7,14.8,1.2705,0.3025707,0.407224622,0.02542542,3.591812384,0.015892344,0.018675828,7.897949398,5.9,,0.013018732,0.000274024,0.010581869,0.000140794,0.00164987,392.6,368.3,,
2021/10/1,4, D01-8,13.9,1.2715,0.261418016,0.38543232,0.027770847,3.587739148,0.015771066,0.017801374,7.833638902,5.82,,0.013442363,0.000277676,0.011117484,0.000257184,0.001779698,388.2,387,,
2021/10/1,4, D06-1,17.7,1.2139,0.151950341,3.099857158,0.031563451,1.246657066,0.008286242,0.046876952,5.71153358,6.93,,0.009309798,0.000365784,0.00673358,0.000697087,0.008567871,317,234.4,,
2021/10/1,4, D06-2,16.2,1.2139,0.234716087,3.026824671,0.032311992,1.285579099,0.007715908,0.047959609,5.799227146,6.88,,0.009360231,0.000369893,0.00692692,0.000240914,0.00101121,322.2,241.1,,
2021/10/1,4, D06-3,15.8,1.2338,0.924643782,2.174184525,0.03078996,1.584324213,0.00907455,0.044690818,6.237694976,6.56,,0.009319885,0.000392262,0.007769658,0.000203995,0.003344897,352.3,270.5,,
2021/10/1,4, D11-1,17.7,1.2092,0.044554367,3.879073339,0.030490543,1.000699445,0.006724378,0.0461066,5.886920712,7.14,,0.008814121,0.000299247,0.005967623,0.000494969,0.000649949,330.2,207.7,,
2021/10/1,4, D11-2,17.1,1.2086,0.044068412,3.684726019,0.030415689,0.983789344,0.007022656,0.045586092,5.658928723,7.13,,0.008631124,0.000296051,0.005788159,0.000375451,1.05E-05,317.2,201.5,,
2021/10/1,4, BS1,10.3,1.2295,0.326 ,1.703 ,0.032 ,2.120 ,0.014 ,0.041 ,6.238 ,6.580 ,4.000 ,0.014201729,0.0005315,0.010552266,0.000250926,0.001774053,331,367.3,,
2021/10/1,4, CL1,14,1.2205,0.335385426,2.41703168,0.028968511,1.621641638,0.010595443,0.048938164,5.951231208,6.54,,0.01024928,0.000357224,0.009098982,0.000144548,0.000305621,325.8,316.7,,
2021/10/1,4, HS1,21.5,1.1954,0.049 ,2.179 ,0.034 ,1.519 ,0.013 ,0.066 ,5.197 ,6.890 ,4.000 ,0.013097983,0.000350034,0.009354302,0.002009912,0.001663578,282.2,325.6,,
2021/10/11,5, D01-1,16.2,1.2177,0.33 ,2.43 ,0.02 ,1.49 ,0.01 ,0.04 ,5.68 ,6.70 ,,0.010279539,0.000593015,0.010766883,0.001914172,0.00010725,312.4,374.79,,
2021/10/11,5, D01-2,16,1.2186,0.351268469,2.451090309,0.023329507,1.486977988,0.010364359,0.041755153,5.728513807,6.7,,0.008747839,0.000594042,0.008416281,0.001690779,0.000123377,315.2,292.97,,
2021/10/11,5, D01-3,15.9,1.2199,0.381576693,2.314725302,0.024377464,1.553877803,0.010690498,0.042119509,5.757227879,6.7,,0.008861671,0.000597124,0.008633673,0.00150806,6.37E-05,316,300.54,,
2021/10/11,5, D01-4,15.4,1.2304,0.670182591,2.028554528,0.022281551,1.709360214,0.011668917,0.039287945,6.072913435,6.63,,0.010198847,0.000605341,0.008935245,0.001861609,0.000142731,335.4,311.03,,
2021/10/11,5, D01-5,16,1.2407,0.764227601,1.515587216,0.020909227,2.104134952,0.012388391,0.035769311,6.446027135,6.45,,0.009074928,0.000590504,0.008827937,0.000999324,0.000336264,349.7,307.27,,
2021/10/11,5, D01-6,15.4,1.2637,0.373443347,0.391130507,0.01744099,3.274346842,0.015077815,0.020726629,7.289792119,6,,0.011306916,0.000516549,0.010788159,7.26E-05,0.001188616,365.6,375.52,,
2021/10/11,5, D01-7,14.6,1.2712,0.305537581,0.457899338,0.01706672,3.439621477,0.016177512,0.017905476,7.622711759,5.9,,0.011667147,0.000500571,0.011044403,9.95E-05,0.001500688,380.1,384.42,,
2021/10/11,5, D01-8,12.8,1.2721,0.274922439,0.329972867,0.019861271,3.486072825,0.016097206,0.016666667,7.565311821,5.86,,0.01210951,0.000509359,0.011377428,9.95E-05,0.001646644,375,396.03,,
2021/10/11,5, D06-1,16.2,1.218,0.335052931,2.881107679,0.025625031,1.253363505,0.007212768,0.047886737,5.671113869,6.69,,0.008174352,0.000623488,0.007432932,0.001963606,0.000271753,317.3,258.72,,
2021/10/11,5, D06-2,15.9,1.2247,0.629132213,2.665751013,0.024427367,1.299979428,0.008042047,0.046293983,5.843313683,6.74,,0.007793948,0.000626569,0.007533765,0.002319659,0.000193533,330.9,262.23,,
2021/10/11,5, D06-3,16.9,1.2339,0.966947412,2.22251037,0.02430261,1.4431187,0.008558299,0.044711639,6.026993484,6.64,,0.007427954,0.000627939,0.007641073,0.00186286,0.000219338,343.8,265.98,,
2021/10/11,5, D11-1,15.7,1.21,0.047777013,3.361886759,0.02412795,1.045463896,0.007184906,0.049750156,5.441514117,7.02,,0.007646974,0.000547478,0.006626272,0.002470465,0.000201597,304.1,230.66,,
2021/10/11,5, D11-2,16.2,1.2085,0.045705312,3.403818455,0.024053096,1.025303436,0.006737489,0.049625234,5.441514117,7.03,,0.007433718,0.000545423,0.006562442,0.003661269,0.000354004,304.5,228.44,,
2021/10/11,5, BS1,8.7,1.2252,0.249 ,1.687 ,0.029 ,2.033 ,0.014 ,0.044 ,5.958 ,6.660 ,4.000 ,0.014110951,0.000438598,0.011258094,0.001822187,0.000491897,315.9,391.88,,
2021/10/11,5, CL1,15.1,1.2208,0.296483479,2.314159833,0.025949399,1.636288829,0.010446303,0.046200291,5.831833695,6.72,,0.010612392,0.000294339,0.009227567,0.001706423,0.000485446,317.8,321.21,,
2021/10/11,5, HS1,18.7,1.2023,0.036 ,2.267 ,0.028 ,1.518 ,0.013 ,0.058 ,5.269 ,7.030 ,4.000 ,0.012969741,0.000292627,0.009240518,0.003481678,0.000920895,285.3,321.64,,
2021/11/21,6, D01-1,13.1,1.2112,0.20 ,2.94 ,0.03 ,1.25 ,0.01 ,0.04 ,5.61 ,6.82 ,,0.009621037,0.00032892,0.007025902,0.000294103,0.000570116,310.8,,,
2021/11/21,6, D01-2,13.1,1.213,0.216812496,2.844178208,0.030715106,1.318987863,0.009480995,0.045773475,5.658928723,6.84,,0.009985591,0.000348436,0.007485661,0.000670179,0.000133054,313,,,
2021/11/21,6, D01-3,13.2,1.2141,0.226020057,2.695242392,0.0306153,1.341740383,0.009780913,0.045180096,5.56539644,6.86,,0.010252161,0.00034604,0.007779833,0.000595715,4.76E-05,307.1,,,
2021/11/21,6, D01-4,13.4,1.2164,0.277403365,2.788675258,0.029941614,1.406624151,0.010187358,0.044076619,5.840154571,6.89,,0.010126801,0.000346268,0.007800185,0.000860407,3.31E-05,322.5,,,
2021/11/21,6, D01-5,13.4,1.2322,0.599923782,1.842819734,0.025749788,1.890804361,0.011736112,0.038632105,6.187713311,6.63,,0.010623919,0.000310431,0.027777983,0.001283415,0.000395936,337.1,,,
2021/11/21,6, D01-6,12.4,1.2496,0.544090152,0.972867539,0.023404361,2.606912158,0.014127257,0.02988757,6.704312752,6.33,,0.011716138,0.000280758,0.030061055,0.000490589,0.000562859,349.9,,,
2021/11/21,6, D01-7,11.9,1.2668,0.393495369,0.496655708,0.018463995,3.234643078,0.015390843,0.022204872,7.33571207,6,,0.012889049,0.000226661,0.035251619,0.000115138,0.001391825,369.9,,,
2021/11/21,6, D01-8,11.8,1.2679,0.382011494,0.504615771,0.020160687,3.338531166,0.016788819,0.02209036,7.541336417,6.09,,0.013685879,0.00025485,0.011019426,0.000275956,0.001457949,379.3,,,
2021/11/21,6, D06-1,13.2,1.2122,0.200520227,3.196465349,0.028219971,1.159226497,0.008027297,0.043264626,5.676473077,6.95,,0.00873487,0.00035186,0.006648474,0.000638892,0.000341102,316.8,,,
2021/11/21,6, D06-2,13.4,1.2145,0.282493101,2.896201349,0.029517441,1.221641638,0.008204298,0.044680408,5.582940795,6.89,,0.009121037,0.00036761,0.006743756,0.001068783,0.000818484,311.5,,,
2021/11/21,6, D06-3,13.7,1.2275,0.718931514,2.69311101,0.028619193,1.330466982,0.008394409,0.041213825,6.038924774,6.8,,0.008919308,0.000374344,0.00647086,0.000316004,0.000254819,342.3,,,
2021/11/21,6, D06-4,14.1,1.2338,0.967842592,2.383843004,0.029242976,1.466694096,0.008597632,0.041880075,6.249372409,6.73,,0.008413545,0.000443734,0.00726642,0.00028722,0.000298364,355.8,,,
2021/11/21,6, D11-1,13.6,1.2103,0.045065898,3.410343097,0.027995409,1.142522115,0.007307823,0.047314179,5.694017432,7.07,,0.0089683,0.000357909,0.006503238,0.002026181,0.000730587,316.3,,,
2021/11/21,6, D11-2,13.4,1.2074,0.046574915,3.221606968,0.028519387,1.141658095,0.007184906,0.047199667,5.506924661,7.1,,0.008979827,0.000356197,0.006098057,0.00182469,0.001101526,305.4,,,
2021/11/21,6, D11-3,12.5,1.2084,0.047572401,3.302382029,0.028369679,1.138819173,0.007266851,0.046793671,5.582940795,7.03,,0.008930836,0.000361447,0.006630897,0.001619443,0.000521733,309.8,,,
2021/11/21,6, BS1,8.7,1.2124,0.156 ,2.305 ,0.030 ,1.647 ,0.013 ,0.051 ,5.700 ,6.880 ,4.000 ,0.012108069,0.000378452,0.009055504,0.004076767,0.000938635,308.7,,,
2021/11/21,6, CL1,12.4,1.2174,0.316279736,2.293237483,0.027246869,1.588274018,0.011192,0.046814491,5.73491665,6.79,,0.010951009,0.000350034,0.008714154,0.002607504,0.000603985,313.7,,,
2021/11/21,6, HS1,16.1,1.1908,0.049 ,2.093 ,0.033 ,1.477 ,0.013 ,0.061 ,5.028 ,7.170 ,4.000 ,0.012087896,0.000310203,0.008719704,0.004330822,0.000728168,272.8,,,
2021/12/2,7, D01-1,6.9,1.2208,0.40 ,2.23 ,0.03 ,1.62 ,0.01 ,0.04 ,5.84 ,6.73 ,,0.010095101,0.000352545,0.008315449,0.000560047,4.84E-07,319.5,289.5,,
2021/12/2,7, D01-2,6.7,1.2208,0.401270643,2.294890392,0.031413743,1.573503394,0.010174247,0.040662086,5.814627817,6.75,,0.009935159,0.000354371,0.008445883,0.000168953,4.84E-07,318.8,294,,
2021/12/2,7, D01-3,7.5,1.2213,0.414391419,2.193975938,0.032311992,1.601481177,0.010241442,0.04023527,5.785913745,6.73,,0.009994236,0.000354485,0.008058279,0.000742766,0.000213693,316.7,280.5,,
2021/12/2,7, D01-4,7.7,1.2247,0.497131589,2.061351726,0.032062478,1.68504423,0.010595443,0.041036852,5.900713621,6.73,,0.010165706,0.000354599,0.008402405,0.000151432,4.84E-07,323.1,292.5,,
2021/12/2,7, D01-5,8,1.238,0.814383234,1.695884809,0.031513549,1.891750669,0.011682029,0.039215074,6.268073224,6.57,,0.010948127,0.000363045,0.009167438,0.001092561,4.84E-07,345.1,319.1,,
2021/12/2,7, D01-6,7.3,1.2548,0.537056598,0.701050976,0.025649983,2.891668381,0.013393033,0.028357277,7.002792429,6.17,,0.011701729,0.000297307,0.009571693,5.69E-05,0.000524959,360.5,333.2,,
2021/12/2,7, D01-7,8.4,1.2609,0.504651097,0.659684749,0.024427367,3.022341082,0.013637228,0.02596294,7.192226328,6.04,,0.011976945,0.000279617,0.009786309,0.000200866,0.000172567,367.9,340.6,,
2021/12/2,7, D06-1,5.9,1.2332,0.739929869,1.664349042,0.028669095,1.805883563,0.010636415,0.038569644,5.986827631,6.57,,0.010273775,0.0003441,0.008612396,0.000199615,4.84E-07,329,299.8,,
2021/12/2,7, D06-2,6,1.2353,0.800520739,1.553778118,0.029567344,1.867516972,0.010690498,0.038809078,6.061433447,6.58,,0.010429395,0.000347295,0.008864015,0.000261564,0.000129022,333.1,308.5,,
2021/12/2,7, D06-3,7,1.2369,0.835458319,1.457952883,0.028893657,1.903970376,0.010798665,0.0383198,6.072913435,6.56,,0.010469741,0.000342388,0.008956522,0.000174585,4.84E-07,333.5,311.7,,
2021/12/2,7, D06-4,6.9,1.2364,0.829805899,1.48239854,0.031862867,1.889693479,0.010867499,0.039287945,6.067187544,6.54,,0.010530259,0.000358023,0.008985199,0.000574439,4.84E-07,333.5,312.7,,
2021/12/2,7, D11-1,4,1.2074,0.056805539,3.089591722,0.029442587,1.080641843,0.006573599,0.045763065,5.269314303,6.85,,0.009053314,0.000310774,0.006209066,0.00011639,4.84E-07,292.5,216.1,,
2021/12/2,7, D11-2,3.6,1.2073,0.056805539,3.34714107,0.029542392,0.95482411,0.006573599,0.045731834,5.2750684,6.91,,0.008962536,0.000314654,0.006563367,0.00083788,4.84E-07,295.6,228.5,,
2021/12/2,7, D11-3,3.7,1.2074,0.056038242,3.20938414,0.029941614,1.072454228,0.006573599,0.045971268,5.372634192,6.91,,0.00904611,0.000314768,0.006072155,0.000278459,4.84E-07,298.7,211.4,,
2021/12/2,7, BS1,-5,1.1806,0.051 ,1.905 ,0.032 ,1.339 ,0.012 ,0.053 ,4.581 ,7.210 ,4.000 ,0.011716138,0.000282013,0.008084181,0.000202743,4.84E-07,248.1,281.4,,
2021/12/2,7, CL1,6.8,1.2273,0.393546522,1.856869462,0.027720944,1.767455256,0.011369,0.039215074,5.751473782,6.62,,0.011210375,0.000317964,0.009269195,0.000777183,0.000320136,310.8,322.7,,
2021/12/2,7, CL2,7.6,1.227,0.385208564,1.872311114,0.028818803,1.833614483,0.011423083,0.040849469,5.889233633,6.62,,0.010731988,0.00031454,0.009226642,0.000246546,4.84E-07,317.5,321.2,,
2021/12/2,7, HS1,-3.3,1.1802,0.043 ,1.792 ,0.031 ,1.405 ,0.013 ,0.058 ,4.581 ,7.120 ,4.000 ,0.011106628,0.000259416,0.008738205,0.000204621,8.71E-05,247.2,304.2,,
2021/12/11,8, D01-1,2,1.21,0.22 ,2.65 ,0.03 ,1.30 ,0.00 ,0.05 ,5.60 ,6.94 ,,0.011700288,0.000373202,0.007187789,0.000168953,0.000566084,305.7, ,,
2021/12/11,8, D01-2,2.4,1.21,0.243079622,2.783847023,0.028294825,1.380415552,0.000368751,0.047511972,5.781964855,6.95,,0.012146974,0.000383474,0.007400555,0.000171456,0.000538667,318, ,,
2021/12/11,8, D01-3,3,1.21,0.253003328,2.63595515,0.028045312,1.36543921,0.000739141,0.044014158,5.613826757,6.94,,0.01185879,0.000376626,0.007298797,2.34E-05,0.000527378,308.3, ,,
2021/12/11,8, D01-4,4.4,1.21,0.292595842,2.461964711,0.028419582,1.429788109,0,0.046346034,5.789270302,6.9,,0.011974063,0.000383474,0.007474561,2.44E-05,0.000545118,313.9, ,,
2021/12/11,8, D01-5,5.2,1.2184,0.348582931,2.357396458,0.027720944,1.433449907,0.009997247,0.041599001,5.544834006,6.65,,0.010530259,0.000557407,0.011100833,5.69E-05,0.00081929,305.3, ,,
2021/12/11,8, D01-6,6.3,1.225,0.490328224,1.965874472,0.026697939,1.735527669,0.010582331,0.040006246,5.889233633,6.63,,0.010494236,0.000522255,0.011480111,9.07E-05,4.84E-07,321.1, ,,
2021/12/11,8, D01-7,8.3,1.2498,0.568106542,0.925324652,0.022805529,2.590413495,0.012850559,0.029419113,6.646912814,6.22,,0.011080692,0.000474435,0.012303423,6.19E-05,0.000910412,346.9, ,,
2021/12/11,8, D01-8,8.4,1.262,0.477386485,0.62218981,0.020260492,2.997778235,0.013624117,0.024234853,7.071672355,6,,0.011870317,0.000447386,0.012858464,0.000183971,0.00058705,360.8, ,,
2021/12/11,8, D06-1,3,1.2352,0.77716934,1.679051234,0.026548231,1.797654804,0.010716721,0.039183843,6.015513497,6.48,,0.010152738,0.000505935,0.012571693,0.000140794,0.000248367,331.7, ,,
2021/12/11,8, D06-2,2.9,1.2301,0.663788451,1.912241919,0.026149009,1.698827402,0.010636415,0.039943785,5.935153584,6.58,,0.010051873,0.0005105,0.012423682,0.000172707,0.000910412,327.5, ,,
2021/12/11,8, D06-3,3.5,1.2345,0.777783177,1.472655075,0.026797744,1.900678873,0.010608554,0.03960025,6.015513497,6.51,,0.010217579,0.000508902,0.012229417,0.000110758,4.84E-07,329.5, ,,
2021/12/11,8, D06-4,4.7,1.2358,0.8130021,1.436639055,0.026448426,1.935897963,0.010921582,0.039485738,6.084393422,6.51,,0.010161383,0.000509929,0.012451434,0.000180842,0.000692687,333.4, ,,
2021/12/11,8, D11-1,3.6,1.21,0.055117486,3.269280348,0.02839463,1.063526023,0,0.050593379,5.58460497,7.11,,0.011498559,0.000359507,0.006308973,0.000162695,0.000512863,307.4, ,,
2021/12/11,8, D11-2,3.3,1.21,0.055296522,3.324957289,0.028244922,1.074799424,0.002212505,0.050260254,5.518799537,7.19,,0.011426513,0.000356083,0.006290472,0.000153935,0.00051125,306.7, ,,
2021/12/11,8, D11-3,3.4,1.21,0.057675142,3.351055854,0.028993463,1.092696976,0,0.051759317,5.686937636,7.2,,0.011815562,0.000366355,0.006447734,0.000148929,0.000522539,313.8, ,,
2021/12/11,8, BS1,-2.5,1.19,0.043 ,1.955 ,0.030 ,1.321 ,0.000 ,0.059 ,4.751 ,7.380 ,4.000 ,0.013933718,0.000312714,0.008297872,0.000183971,0.00081929,254.3, ,,
2021/12/11,8, BS2,-4.6,1.18,0.045398393,2.151391778,0.0306153,1.349639992,0,0.059462836,5.014441655,7.37,,0.014553314,0.000321844,0.008464385,0.000135162,0.000814452,269, ,,
2021/12/11,8, CL1,7.4,1.2271,0.403725993,1.805281297,0.025550177,1.898086813,0.011627945,0.042598376,5.958113559,6.55,,0.011072046,0.000430952,0.013256244,7.20E-05,0.000806388,320.8, ,,
2021/12/11,8, HS1,-2.3,1.17,0.041 ,1.860 ,0.031 ,1.370 ,0.000 ,0.061 ,4.744 ,7.410 ,4.000 ,0.014337176,0.00031842,0.008566142,0.000180216,0.00081929,253.2, ,,
2021/12/20,9, D01-1,3.79,1.21,0.29 ,2.49 ,0.03 ,1.52 ,0.00 ,0.05 ,6.11 ,7.05 ,,0.013097983,0.000392604,0.008020352,0.000188977,0.000611242,328.2, ,,
2021/12/20,9, D01-2,3.97,1.22,0.30658622,2.388888727,0.02931783,1.516724954,0.000123081,0.047647304,6.023185626,6.97,,0.01314121,0.000404017,0.008020352,2.24E-05,0.000582212,323.3, ,,
2021/12/20,9, D01-3,4.86,1.21,0.333978715,2.359310352,0.02949249,1.553013783,0.000616224,0.047990839,6.103573746,6.94,,0.012910663,0.000400593,0.008048104,2.44E-05,0.000566084,327.5, ,,
2021/12/20,9, D01-4,5.72,1.21,0.380681513,2.324512265,0.029991517,1.603661798,0.000739141,0.047001874,6.125518292,6.93,,0.013083573,0.000412006,0.008168363,2.47E-05,0.000567697,330.5, ,,
2021/12/20,9, D01-5,7.38,1.2337,0.749648962,1.771179171,0.027371625,1.702530344,0.011232972,0.039995836,5.889233633,6.6,,0.010972622,0.000468158,0.012876966,3.82E-05,0.000932184,326.1, ,,
2021/12/20,9, D01-6,7.11,1.25,0.590179113,0.931892791,0.024078048,2.586381403,0.012632586,0.029585676,6.669872789,6.26,,0.011639769,0.000435289,0.0133395,7.82E-05,4.84E-07,348.7, ,,
2021/12/20,9, D01-7,8.63,1.2585,0.523859094,0.700833488,0.02208194,2.77930467,0.013040671,0.025525713,6.76171269,6.09,,0.011736311,0.000413604,0.013552266,9.89E-05,0.000648336,348.3, ,,
2021/12/20,9, D01-8,8.96,1.264,0.453625861,0.581737033,0.019911173,3.088706028,0.014779536,0.024588799,7.186472231,5.99,,0.013504323,0.000373545,0.015383904,0.000157063,0.000508024,365.4, ,,
2021/12/20,9, D06-1,4.42,1.2348,0.757884614,1.657780902,0.026049204,1.824151409,0.011016638,0.038923589,6.026993484,6.5,,0.010668588,0.000440082,0.012858464,0.000120144,0.001187003,331.5, ,,
2021/12/20,9, D06-2,2.34,1.2281,0.667343593,1.789143684,0.027296771,1.800123431,0.011016638,0.042119509,6.015513497,6.61,,0.010912104,0.000463593,0.013089732,6.51E-05,0.000130635,330.3, ,,
2021/12/20,9, D06-3,3.7,1.2335,0.74601709,1.663783573,0.02672289,1.872783378,0.010690498,0.039475328,6.118833385,6.59,,0.010835735,0.000447957,0.012830712,5.26E-05,4.44E-05,335.6, ,,
2021/12/20,9, D06-4,4.15,1.2344,0.77003348,1.724419241,0.025525226,1.865788932,0.010839638,0.039100562,6.187713311,6.57,,0.010629683,0.000443506,0.012590194,2.88E-05,0.000977342,340.2, ,,
2021/12/20,9, D11-1,8.43,1.22,0.11159053,2.862142721,0.026373572,1.389631763,0,0.055100979,5.898908414,6.93,,0.014121037,0.000340105,0.008353377,0.000190228,0.000566084,319.7, ,,
2021/12/20,9, D11-2,6.14,1.21,0.111078998,2.846483581,0.026573182,1.384118494,0,0.055319592,5.92085296,7.01,,0.014409222,0.000345811,0.008482886,0.000195234,0.000538667,320, ,,
2021/12/20,9, D11-3,6.21,1.21,0.110081512,2.844743677,0.025724837,1.382513886,0.000368751,0.055527795,5.884297521,7,,0.01389049,0.000334399,0.008214616,0.000197737,0.000553182,318.6, ,,
2021/12/20,9, BS1,-5.96,1.17,0.049 ,2.432 ,0.031 ,1.573 ,0.000 ,0.069 ,5.650 ,7.300 ,4.000 ,0.012795389,0.000287606,0.007742831,0.00016645,0.000901542,304.5, ,,
2021/12/20,9, BS2,-3.33,1.18,0.04854431,2.461529735,0.031763062,1.526393746,0,0.068217781,5.643076749,7.29,,0.013011527,0.000293312,0.007826087,0.000170204,0.000833805,303.7, ,,
2021/12/20,9, CL1,6.7,1.2232,0.345334708,1.890841095,0.025500274,1.812096276,0.011328028,0.044857381,5.80887372,6.68,,0.011798271,0.000428099,0.01279371,5.19E-05,0.001341023,313.3, ,,
2021/12/20,9, HS1,0.83,1.15,0.043 ,2.207 ,0.031 ,1.517 ,0.000 ,0.066 ,5.270 ,7.360 ,4.000 ,0.012737752,0.000286464,0.007761332,0.000163947,0.000791873,284.1, ,,
2021/12/28,10, D01-1,1.52,1.21,0.17 ,3.55 ,0.03 ,1.55 ,0.00 ,0.06 ,7.05 ,7.02 ,,0.012564841,0.000348094,0.007363552,0.000140168,0.000632208,383.2, ,,
2021/12/28,10, D01-2,0.97,1.21,0.216914802,3.434701758,0.029966565,1.592964411,0,0.059046429,7.148873156,6.93,,0.012680115,0.000365213,0.007511563,0.000155186,0.000599953,386.7, ,,
2021/12/28,10, D01-3,2.12,1.21,0.27157191,3.210863058,0.031388792,1.706109854,0.000245834,0.057547366,7.287761261,6.87,,0.012420749,0.000367496,0.007483811,0.000168953,0.000588663,391.3, ,,
2021/12/28,10, D01-4,3.31,1.21,0.306228148,3.132784849,0.032012575,1.761612837,0.000493307,0.057245472,7.331593941,6.88,,0.012636888,0.000374344,0.007761332,0.000180216,0.000588663,393.8, ,,
2021/12/28,10, D01-5,4.24,1.2308,0.677113839,1.849344376,0.026972404,1.79177124,0.010677387,0.039943785,6.072913435,6.7,,0.010909222,0.000455261,0.012775208,9.95E-05,0.000435449,333.7, ,,
2021/12/28,10, D01-6,6.12,1.2478,0.558310719,0.796049756,0.023504167,2.589631763,0.012496558,0.028815324,6.509152963,6.27,,0.01095389,0.000425816,0.012867715,5.76E-05,0.000360455,338.6, ,,
2021/12/28,10, D01-7,7.22,1.2514,0.493653177,0.802791885,0.022780578,2.685743674,0.012265474,0.026306475,6.646912814,6.19,,0.011076369,0.000416115,0.012895467,0.00024592,0.001172488,343.2, ,,
2021/12/28,10, D01-8,8.03,1.263,0.433292496,0.581389052,0.019736514,3.052581773,0.014533702,0.023943369,7.09463233,6.03,,0.013220461,0.000369322,0.014569843,0.000314127,0.002773974,360.5, ,,
2021/12/28,10, D06-1,2.34,1.2345,0.698777185,1.357125424,0.027396577,2.003332648,0.010513498,0.039683531,6.026993484,6.46,,0.010821326,0.000444191,0.013256244,4.76E-05,0.000396743,326.7, ,,
2021/12/28,10, D06-2,1.78,1.2324,0.698086618,1.653605132,0.027072209,1.735404238,0.010826526,0.039839684,5.785913745,6.52,,0.010972622,0.000452751,0.013108233,5.01E-05,0.000489477,318.5, ,,
2021/12/28,10, D06-3,2.39,1.2347,0.760851495,1.620242465,0.026448426,1.835795104,0.010947805,0.039433687,6.015513497,6.57,,0.011007205,0.000445218,0.01293247,3.57E-05,0.000262076,330.7, ,,
2021/12/28,10, D06-4,3.15,1.2345,0.766401608,1.643600682,0.025749788,1.79349928,0.010947805,0.03964189,5.958113559,6.58,,0.010805476,0.000445104,0.012627197,0.000189603,0.000613661,328.4, ,,
2021/12/28,10, D11-1,5.27,1.19,0.084070151,3.787510871,0.028219971,1.412055133,0,0.062169477,7.017290497,7.08,,0.012276657,0.000325268,0.00706753,0.000163947,0.000698332,380.8, ,,
2021/12/28,10, D11-2,2.05,1.19,0.084581683,3.807867752,0.028444533,1.421518206,0,0.063116802,6.951513271,7.11,,0.012449568,0.000328692,0.007076781,0.000155186,0.000596727,379.3, ,,
2021/12/28,10, D11-3,4.23,1.19,0.087778753,3.847189591,0.029118219,1.441678667,0,0.062679575,7.061151384,7.12,,0.012838617,0.000336681,0.007289547,0.000160192,0.000649949,384.7, ,,
2021/12/28,10, BS1,-5.25,1.19,0.047 ,2.308 ,0.032 ,1.567 ,0.000 ,0.071 ,5.636 ,7.250 ,4.000 ,0.013429395,0.00030016,0.008186864,0.000167701,0.000782196,301.2, ,,
2021/12/28,10, BS2,-6.62,1.18,0.046344726,2.327122121,0.031713159,1.556799013,0,0.069841766,5.708853976,7.28,,0.0129683,0.000291029,0.007946346,0.000173959,0.000764456,303.8, ,,
2021/12/28,10, CL1,6.43,1.2227,0.339912477,2.083144028,0.030091322,1.709565933,0.011736112,0.045929627,5.797393733,6.69,,0.011870317,0.000429696,0.015152636,0.00010012,0.000396743,314.9, ,,
2021/12/28,10, HS1,-1.67,1.18,0.044 ,2.198 ,0.032 ,1.531 ,0.000 ,0.075 ,5.563 ,7.300 ,4.000 ,0.012853026,0.000288747,0.008029602,0.000198989,0.000803162,295.4, ,,
2021/12/28,10, HS2,-3.1,1.18,0.043505728,2.238908969,0.031388792,1.550298293,0,0.071601083,5.621132203,7.34,,0.012708934,0.000286464,0.007807586,0.000171456,0.00033707,298.5, ,,
2022/1/9,11, D01-1,-1,1.2073,0.09 ,2.88 ,0.03 ,1.42 ,0.01 ,0.05 ,5.56 ,7.03 ,,0.010926513,0.000305067,0.013422406,2.44E-05,0.000487058,308.2,467.2,,
2022/1/9,11, D01-2,1.2,1.2109,0.206172647,2.635868155,0.027695993,1.491298087,0.01025947,0.04676244,5.613720001,6.91,,0.010622478,0.000341475,0.013409281,0.000101997,0.000658819,310.5,466.8,,
2022/1/9,11, D01-3,2.5,1.2129,0.248962231,2.686064397,0.029242976,1.39469245,0.01025947,0.049656465,5.671120001,6.91,,0.011269452,0.000365099,0.011783661,2.38E-05,0.0006943,313.3,410.2,,
2022/1/9,11, D01-4,2.8,1.213,0.244153838,2.550134366,0.028219971,1.516272372,0.010556109,0.046200291,5.6252,6.87,,0.01062536,0.000345469,0.013661494,3.44E-05,0.000245948,310.9,475.5,,
2022/1/9,11, D01-5,5.1,1.2311,0.753843517,1.807717163,0.028145117,1.87800864,0.011311639,0.039964605,6.101620001,6.64,,0.010220461,0.000373887,0.014304218,5.07E-05,0.000341102,338.9,497.9,,
2022/1/9,11, D01-6,6.5,1.2514,0.552018886,0.832283265,0.025824642,2.798107385,0.012675198,0.036321049,6.9454,6.22,,0.02259366,0.000351061,0.022309214,8.51E-05,0.000591889,360.7,776.5,,
2022/1/9,11, D01-7,6.2,1.2607,0.464623782,0.60561722,0.021345876,3.100966879,0.013902728,0.033645638,7.2324,6,,0.02443804,0.000301643,0.02338642,0.000177713,0.000974923,369.3,814,,
2022/1/9,11, D01-8,6.8,1.265,0.404237524,0.511488393,0.019449573,3.260810533,0.0159284,0.032406829,7.393120001,5.94,,0.024236311,0.000260899,0.023840289,6.07E-05,0.001149103,374.3,829.8,,
2022/1/9,11, D06-1,0.8,1.2312,0.693738602,1.681139119,0.030315884,1.970993623,0.011473889,0.039891734,6.072920001,6.48,,0.00509366,0.000372518,0.015106636,6.70E-05,0.000561246,335,525.8,,
2022/1/9,11, D06-2,0.8,1.2322,0.71591348,1.625505676,0.028893657,1.928903518,0.011473889,0.039121382,6.187720001,6.46,,0.004935159,0.000368181,0.015023914,3.38E-05,0.000291106,337.5,523,,
2022/1/9,11, D06-3,1,1.2325,0.713688319,1.585313885,0.029143171,1.940506069,0.011473889,0.037268374,6.130320001,6.51,,0.002507205,0.000363045,0.014623707,6.07E-05,0.000404807,334.5,509,,
2022/1/9,11, D06-4,1.2,1.2327,0.719622081,1.597580211,0.029018414,1.961160255,0.011460778,0.039850094,6.072920001,6.51,,0.004759366,0.000367268,0.014966075,8.95E-05,0.000404807,333.8,520.9,,
2022/1/9,11, D11-1,6,1.2096,0.090975822,2.620296011,0.026024253,1.381032709,0.010906832,0.050104102,5.579279999,6.84,,0.006197406,0.000291486,0.013564647,8.51E-05,0.000641078,301.9,472.2,,
2022/1/9,11, D11-2,6.2,1.2096,0.088827391,2.595937349,0.025699885,1.396461633,0.010987138,0.049302519,5.326720001,6.84,,0.005981268,0.000287491,0.013422781,8.95E-05,0.000692687,292.6,467.2,,
2022/1/9,11, D11-3,5.6,1.2097,0.08839259,2.611596489,0.025350566,1.373914832,0.010960916,0.049562773,5.602239999,6.83,,0.005795389,0.000289203,0.01867932,7.26E-05,4.84E-07,302.2,650.2,,
2022/1/9,11, BS1,-5.32,1.1583,0.038 ,1.615 ,0.030 ,1.020 ,0.012 ,0.051 ,3.633 ,7.230 ,4.000 ,0.006785303,0.000232367,0.012130061,5.57E-05,0.00096444,199.3,422.2,,
2022/1/9,11, BS2,-0.6,1.1819,0.047956049,2.121595915,0.032237138,1.259123637,0.012526058,0.052373517,4.695320001,7.11,,0.007360231,0.000252111,0.010231485,5.44E-05,0.000578986,255,356.1,,
2022/1/9,11, CL1,2.4,1.2147,0.207170133,2.29001866,0.027895604,1.519810739,0.011878696,0.046606288,5.470220001,6.76,,0.007897695,0.000297307,0.013571134,2.38E-05,0.000929765,298.2,472.4,,
2022/1/9,11, HS1,-0.8,1.1647,0.038 ,1.663 ,0.031 ,3.367 ,0.012 ,0.053 ,8.369 ,7.080 ,4.000 ,0.007321326,0.00024709,0.012786811,9.89E-05,0.000941055,425.7,445.1,,
2022/1/9,11, HS2,-5.5,1.1244,0.029413044,1.245510557,0.024951345,2.547418227,0.00948919,0.038819488,6.325479999,7.53,,0.004427954,0.000179297,0.008143848,2.82E-05,0.002171603,321.5,283.5,,
2022/2/21,12, D01-1,1.5,1.2067,0.12 ,2.81 ,0.03 ,1.31 ,0.01 ,0.05 ,5.50 ,6.81 ,,0.019255043,0.000336225,0.016567993,7.51E-06,0.000524152,303.4, ,,
2022/2/21,12, D01-2,1.6,1.2087,0.145888696,2.783499043,0.025874545,1.359514503,0.011608278,0.04870914,5.579612445,6.79,,0.010949568,0.000337708,0.017215541,7.61E-05,0.000459319,307.3, ,,
2022/2/21,12, D01-3,1.7,1.2114,0.205430927,2.726212691,0.025625031,1.392429541,0.011439472,0.047720175,5.648915466,6.75,,0.010502882,0.00033885,0.01746531,4.43E-05,0.000481414,311.5, ,,
2022/2/21,12, D01-4,2.8,1.2345,0.278272968,2.627690604,0.026198912,1.431351574,0.011291972,0.045867166,5.706682086,6.67,,0.010266571,0.000353572,0.016947271,9.11E-05,0.000450771,314.9, ,,
2022/2/21,12, D01-5,4,1.235,0.626855899,1.726115647,0.025026199,2.01711582,0.013127532,0.035457006,6.3420585,6.33,,0.010178674,0.000369322,0.017243293,7.83E-05,0.000555924,343.6, ,,
2022/2/21,12, D01-6,5.3,1.2498,0.505955502,0.960949194,0.024255202,2.739189467,0.012865309,0.024338955,6.919640087,5.95,,0.010466859,0.000376056,0.018122109,0.000101622,0.000653497,358.2, ,,
2022/2/21,12, D01-7,6.7,1.2606,0.410733971,0.724922464,0.019304856,3.132565316,0.015340037,0.023100146,7.364397935,5.74,,0.01223487,0.000303926,0.019389454,8.61E-05,0.001259417,374.3, ,,
2022/2/21,12, D01-8,7.1,1.2368,0.372062212,0.495981495,0.01855382,3.285579099,0.016028373,0.023808037,7.399063549,5.75,,0.013012968,0.000272541,0.019888992,0.000147802,0.001203776,372.5, ,,
2022/2/21,12, D06-1,-0.8,1.2158,0.277428942,2.499981622,0.023035082,1.489981485,0.011718084,0.044951072,5.689363383,6.59,,0.010416427,0.000345697,0.018057354,5.99E-05,0.00054657,312.5, ,,
2022/2/21,12, D06-2,-0.8,1.2276,0.619950228,1.691404555,0.024053096,1.910923678,0.012258919,0.040412242,6.07635461,6.47,,0.010465418,0.000367382,0.018344126,0.000132159,0.000495767,330.9, ,,
2022/2/21,12, D06-3,-0.5,1.2316,0.695452232,1.65765041,0.023960776,1.940547213,0.012029474,0.038934,6.180323245,6.35,,0.010340058,0.000365784,0.018436633,6.73E-05,0.000505121,337.3, ,,
2022/2/21,12, D11-1,4.2,1.2092,0.066729244,2.743524739,0.020654723,1.406747583,0.012439197,0.053497814,5.533410431,6.81,,0.011639769,0.000324812,0.018103608,8.80E-05,0.000749618,303.1, ,,
2022/2/21,12, D11-2,4.1,1.2087,0.083533044,2.691545096,0.022051999,1.416416375,0.011439472,0.053143868,5.521845824,6.72,,0.011733429,0.000326295,0.018492137,0.000104626,0.000684785,302.4, ,,
2022/2/21,12, D11-3,4.3,1.209,0.082433252,2.849571912,0.021602874,1.373174244,0.011488639,0.053081407,5.591177051,6.75,,0.011548991,0.000318306,0.018612396,8.60E-05,0.000853803,307.4, ,,
2022/2/21,12, BS1,-4.4,1.178,0.066 ,2.317 ,0.033 ,1.172 ,0.012 ,0.052 ,4.667 ,7.060 ,4.000 ,0.010606628,0.000241726,0.016438483,0.000103624,0.000785744,257.2, ,,
2022/2/21,12, BS2,3.9,1.2033,0.07322569,2.952574252,0.0306153,1.19761366,0.01193114,0.049427441,5.360138775,6.99,,0.010770893,0.000246633,0.016688252,9.19E-05,0.000766714,296.9, ,,
2022/2/21,12, CL1,-0.2,1.2091,0.174201947,2.653354194,0.027097161,1.4431187,0.012029474,0.047949198,5.648915466,6.77,,0.011814121,0.000281328,0.017326549,0.000121896,0.000925411,309.9, ,,
2022/2/21,12, HS1,-3.7,1.1531,0.038 ,1.597 ,0.031 ,1.180 ,0.012 ,0.054 ,3.928 ,7.220 ,4.000 ,0.011814121,0.000281328,0.017326549,7.18E-05,0.000832837,213.7, ,,
2022/2/21,12, HS2,-0.8,1.1433,0.035449112,1.499275613,0.03266131,1.107920181,0.01224253,0.054039142,3.685076016,7.3,,0.011814121,0.000281328,0.017326549,6.11E-05,0.000792034,201, ,,
2022/3/10,13, D01-1,4.9,1.2077,0.10 ,2.74 ,0.03 ,1.27 ,0.01 ,0.05 ,5.30 ,7.15 ,,0.011239193,0.000338621,0.008019426,7.51E-06,0.000524152,292.1, ,,
2022/3/10,13, D01-2,3.3,1.2112,0.19826949,2.633823767,0.025575128,1.41863814,0.011210027,0.047730585,5.602713452,6.99,,0.011239193,0.000317165,0.00807308,7.63E-05,0.000459319,307.9, ,,
2022/3/10,13, D01-3,3.4,1.2123,0.238526995,2.541782825,0.026223863,1.451059453,0.011210027,0.046346034,5.620060362,6.94,,0.011095101,0.000323214,0.007969473,4.38E-05,0.000481414,308.7, ,,
2022/3/10,13, D01-4,4.2,1.2178,0.388124292,2.25726496,0.027396577,1.589878626,0.011373917,0.046241932,5.764448707,6.87,,0.011383285,0.000354714,0.008523589,9.14E-05,0.000450771,316.5, ,,
2022/3/10,13, D01-5,5.1,1.2355,0.669338565,1.338290959,0.025824642,2.172227937,0.01239003,0.035873412,6.307392886,6.56,,0.01167147,0.00037092,0.008826087,7.88E-05,0.000555924,338.8, ,,
2022/3/10,13, D01-6,6.1,1.2517,0.511812534,0.783174463,0.025275712,2.809463073,0.01316031,0.023828857,6.890756777,6.16,,0.011239193,0.000379023,0.009049029,0.000101372,0.000653497,355, ,,
2022/3/10,13, D01-7,7.4,1.261,0.378507505,0.602833373,0.018805829,3.155317836,0.016028373,0.024547158,7.2488929,6.04,,0.01426513,0.000267176,0.0113358,8.64E-05,0.001259417,366.8, ,,
2022/3/10,13, D01-8,7.8,1.2633,0.3718576,0.556682409,0.018032337,3.21950216,0.016126706,0.023870498,7.323978225,6.01,,0.014409222,0.000263867,0.011457909,0.000147677,0.001203776,369.6, ,,
2022/3/10,13, D06-1,3.3,1.2196,0.464368016,2.086884823,0.027945506,1.635795104,0.011619751,0.045232147,5.764448707,6.62,,0.011815562,0.000356882,0.009216466,6.01E-05,0.00054657,316.7, ,,
2022/3/10,13, D06-2,1.8,1.2293,0.602251249,1.555344032,0.02652328,1.956716725,0.011521417,0.038902769,6.024370293,6.63,,0.009510086,0.000246633,0.007250694,0.000132659,0.000495767,326.2, ,,
2022/3/10,13, D06-3,1.4,1.2305,0.65777796,1.503668871,0.026747842,1.911293972,0.011750862,0.038819488,5.937720362,6.6,,0.010086455,0.000250171,0.007325624,6.76E-05,0.000505121,323, ,,
2022/3/10,13, D11-1,5.2,1.2073,0.058570321,2.608464661,0.023279605,1.444435301,0.01239003,0.052227774,5.47564381,7.05,,0.011095101,0.000195617,0.006920444,0.000257809,0.001164263,298.5, ,,
2022/3/10,13, D11-2,4.8,1.2081,0.075911229,2.55661551,0.023803583,1.461674553,0.011423083,0.053164689,5.47564381,7.04,,0.011383285,0.000202351,0.007034228,8.76E-05,0.000749618,298.4, ,,
2022/3/10,13, D11-3,5,1.2085,0.078289849,2.557006989,0.023878437,1.466035795,0.011619751,0.052841974,5.487208417,7,,0.011239193,0.000199726,0.00760222,0.000105126,0.000684785,299, ,,
2022/3/10,13, BS1,6.4,1.1486,0.041 ,1.671 ,0.031 ,1.050 ,0.012 ,0.057 ,3.743 ,7.450 ,4.000 ,0.008645533,0.000154645,0.005050879,0.000123899,0.0009417,205.9, ,,
2022/3/10,13, BS2,12,1.2009,0.075502004,2.819080087,0.03116423,1.158362477,0.011603362,0.056110764,5.1406369,7.22,,0.009798271,0.00018877,0.006439408,0.000103875,0.000785744,285.7, ,,
2022/3/10,13, CL1,7.9,1.2112,0.161081172,2.444739658,0.025550177,1.416087225,0.012078641,0.053497814,5.360138775,7.59,,0.010951009,0.0002294,0.006983349,9.14E-05,0.000766714,294.1, ,,
2022/3/10,13, HS1,6.5,1.1331,0.038 ,1.383 ,0.030 ,0.998 ,0.011 ,0.054 ,3.350 ,7.520 ,4.000 ,0.008069164,0.000137297,0.004896392,0.000121396,0.000925411,183.5, ,,
2022/3/10,13, HS2,4.9,1.1437,0.035474688,1.547296974,0.031064424,1.058876774,0.011554195,0.058276077,3.627337602,7.48,,0.008501441,0.000154189,0.00512951,7.13E-05,0.000832837,199, ,,
2022/3/10,13, HS3,10,1.1083,0.027597108,1.002358919,0.023179799,0.835054516,0.010177525,0.042900271,2.645417877,7.8,,0.006195965,8.66E-05,0.003491212,6.13E-05,0.000792034,144, ,,
2022/3/20,14, D01-1,7.9,1.2082,0.09 ,3.19 ,0.03 ,1.27 ,0.01 ,0.04 ,5.58 ,6.96 ,,0.013564841,0.000334399,0.007182239,6.65E-05,0.000902993,311.9,,,
2022/3/20,14, D01-2,4.3,1.2099,0.152001494,2.860446314,0.025275712,1.332030446,0.011488639,0.043118884,5.280399402,6.95,,0.012786744,0.000330746,0.007518039,7.93E-05,0.000204016,297.4,,,
2022/3/20,14, D01-3,3.8,1.2123,0.214331569,2.696634316,0.025749788,1.404484674,0.011275583,0.043306267,5.572814712,6.86,,0.01314121,0.000349464,0.007651249,4.44E-05,0.00050625,308.2,,,
2022/3/20,14, D01-4,3.7,1.2138,0.251698923,2.631387901,0.026248815,1.466694096,0.011226416,0.043337497,5.626632443,6.83,,0.013319885,0.00035905,0.007811286,0.000269824,0.000571084,311.6,,,
2022/3/20,14, D01-5,4.7,1.2205,0.387075653,2.243345725,0.025949399,1.666035795,0.011603362,0.039745992,5.927876343,6.71,,0.012995677,0.000362817,0.008217391,0.000236409,0.000655593,323.2,,,
2022/3/20,14, D01-6,4.7,1.2608,0.435236315,0.567208831,0.020794451,3.181567579,0.015372815,0.018478035,7.238484754,5.99,,0.014553314,0.000315453,0.009849214,0.000260312,0.001213614,367.9,,,
2022/3/20,14, D01-7,5.4,1.2647,0.360450454,0.493306392,0.019676631,3.152972639,0.016143095,0.018030398,7.146955124,5.9,,0.014711816,0.000274823,0.010692877,2.37E-05,0.001328605,359.3,,,
2022/3/20,14, D01-8,7.6,1.2655,0.366921324,0.478908683,0.019881232,3.254268669,0.01637254,0.018144909,7.341635405,5.9,,0.015057637,0.000272426,0.010841813,5.98E-05,0.001451337,368.6,,,
2022/3/20,14, D06-1,6.7,1.211,0.165352458,2.682671583,0.025649983,1.330055544,0.011423083,0.04350406,5.499308944,6.95,,0.012544669,0.000305067,0.00733765,0.000233155,0.000673656,301.6,,,
2022/3/20,14, D06-2,3.7,1.233,0.663251343,1.516935642,0.025749788,1.960954536,0.012521142,0.034957318,6.124277212,6.52,,0.012224784,0.000329034,0.008540241,0.000102248,0.000617854,331,,,
2022/3/20,14, D06-3,3.3,1.2337,0.67680692,1.446991486,0.02634862,1.939683193,0.012685031,0.034145326,6.094434886,6.52,,0.01204755,0.000324355,0.00860592,0.000140794,0.00096702,328.3,,,
2022/3/20,14, D11-1,5.9,1.2091,0.058186673,2.708900642,0.023878437,1.396379346,0.012029474,0.047584843,5.41020506,6.93,,0.013056196,0.000288176,0.007833488,7.93E-05,0.001208775,296.8,,,
2022/3/20,14, D11-2,5.2,1.2088,0.048518734,2.888197789,0.025076102,1.267311253,0.012045863,0.049292109,5.414097538,6.98,,0.014018732,0.000361333,0.008237743,8.95E-05,0.000923959,297.8,,,
2022/3/20,14, D11-3,5,1.2088,0.048416427,2.788066292,0.02467688,1.347253652,0.011701695,0.049895898,5.46224579,6.97,,0.014050432,0.00035323,0.008556892,0.000216009,0.000680753,299.2,,,
2022/3/20,14, BS1,9.5,1.1856,0.075 ,2.456 ,0.035 ,1.111 ,0.011 ,0.054 ,4.696 ,7.130 ,4.000 ,0.011743516,0.000338621,0.007691952,0.000127027,0.000235949,260.4,,,
2022/3/20,14, BS2,13.4,1.2092,0.077599282,2.922560901,0.03395878,1.189014606,0.011800029,0.053456173,5.378811384,6.99,,0.012587896,0.000352887,0.007703978,0.000149805,0.000916863,297.3,,,
2022/3/20,14, CL1,11.3,1.2133,0.162564613,2.532343844,0.029742003,1.403497223,0.011685306,0.05065584,5.503342453,6.88,,0.013430836,0.000384045,0.008839038,0.000132534,0.000937345,300.9,,,
2022/3/20,14, HS1,10.3,1.1435,0.033 ,1.542 ,0.037 ,0.989 ,0.011 ,0.057 ,3.489 ,7.350 ,4.000 ,0.00995389,0.00030541,0.00653099,0.00021626,0.000880737,192.3,,,
2022/3/20,14, HS2,9.3,1.1421,0.03427259,1.483529478,0.036853136,1.015758074,0.011046138,0.057620237,3.573801935,7.37,,0.01020317,0.000303127,0.006912118,0.000234657,0.000790583,194.8,,,
2022/3/20,14, HS3,8.6,1.1256,0.03099879,1.213887795,0.031837916,0.954741823,0.010636415,0.05001041,3.112543367,7.5,,0.009556196,0.000271057,0.006358927,0.000302738,0.000555117,169.6,,,
2022/3/30,15, D01-1,6.2,1.2071,0.09 ,3.25 ,0.03 ,1.28 ,0.01 ,0.05 ,5.75 ,7.01 ,,0.010716138,0.000349349,0.007888067,8.25E-05,0.000558988,320.6,,1113,251.3
2022/3/30,15, D01-2,4.6,1.2092,0.133330605,2.979934248,0.02839463,1.344373586,0.010996971,0.053008536,5.608439342,6.93,,0.010981268,0.000348893,0.007943571,3.64E-05,0.000492864,312.4,,1707,279.3
2022/3/30,15, D01-3,4.2,1.2103,0.155352023,2.76079329,0.027496382,1.374285127,0.010996971,0.054288986,5.444786055,6.9,,0.011033141,0.000343301,0.008026827,3.00E-05,0.000550118,303.2,,1540,212.5
2022/3/30,15, D01-4,4,1.2108,0.16949586,2.850963835,0.029168122,1.413042584,0.010931416,0.053841349,5.616873043,6.86,,0.011404899,0.000352545,0.008214616,1.65E-05,0.000611403,312.9,,1530,63.74
2022/3/30,15, D01-5,4.6,1.2323,0.684889113,2.270140252,0.029193074,1.951162312,0.012013085,0.042619196,6.132739119,6.57,,0.011322767,0.000410751,0.008743756,0.000112135,0.000671399,350.1,,5784,298.6
2022/3/30,15, D06-1,5.9,1.2089,0.153510511,3.730268016,0.034158391,1.616704382,0.010521692,0.065386217,6.891236285,6.98,,0.014011527,0.000474207,0.009768733,5.68E-05,0.000758005,384,,1382,92.97
2022/3/30,15, D06-2,4.8,1.2087,0.122076919,3.038264543,0.027920555,1.299074265,0.010488915,0.054288986,5.573294221,6.85,,0.011194524,0.000381077,0.007999075,5.14E-05,0.000665915,311,,1281,294
2022/3/30,15, D06-3,4.4,1.2243,0.477335332,2.482669574,0.027945506,1.740670644,0.011439472,0.047262128,5.913632133,6.57,,0.011557637,0.00038724,0.008566142,5.63E-05,0.000417225,334.3,,4160,238.9
2022/3/30,15, D11-1,5.8,1.2082,0.048007202,2.906423288,0.025724837,1.370911335,0.01132475,0.056266917,5.576425126,6.91,,0.012818444,0.000337937,0.009111008,2.22E-05,0.000787518,307.1,,1694,344.3
2022/3/30,15, D11-2,5.2,1.208,0.050002174,2.804856369,0.025575128,1.384036207,0.011308361,0.056756194,5.499478182,6.92,,0.013293948,0.000341703,0.010092507,0.000126902,0.00056173,302.5,,892.5,58.72
2022/3/30,15, D11-3,5.1,1.2052,0.048160662,2.854443644,0.025724837,1.397284509,0.011373917,0.05841141,5.572335204,6.91,,0.013161383,0.00034136,0.010043478,1.61E-05,0.000776229,306.6,,711.9,38.03
2022/3/30,15, BS11,6.5,1.1984,0.079159452,3.069234841,0.03822546,1.140547213,0.010767526,0.060056215,5.29644882,6.92,,0.010886167,0.000345811,0.007431082,1.18E-05,0.000774777,297.3,,755.2,27.77
2022/3/30,15, BS2,7.3,1.2075,0.074657977,3.166234511,0.034233245,1.187615717,0.011423083,0.060430981,5.47843624,6.88,,0.011157061,0.000340904,0.007407031,5.68E-05,0.000683333,306.9,,828.4,79.48
2022/3/30,15, CL1,8.2,1.2127,0.153689547,2.835391691,0.028120166,1.439744908,0.011586973,0.05713096,5.646320481,6.79,,0.012646974,0.000371833,0.008514339,0.000115388,0.000729297,314,,1448,55.14
2022/3/30,15, HS1,5.6,1.1429,0.032 ,1.725 ,0.041 ,0.968 ,0.010 ,0.064 ,3.606 ,7.310 ,4.000 ,0.009867435,0.000304154,0.006798335,0.000184722,0.000732039,200.9,,483.5,16.99
2022/3/30,15, HS3,5.6,1.1203,0.0254231,1.369696233,0.032736164,0.918658712,0.010488915,0.057672288,3.148167997,7.51,,0.009321326,0.00025622,0.006030527,0.000164322,0.00075865,174.1,,446,24.75
2022/4/10,16, D01-1,7.5,1.2083,0.09 ,3.19 ,0.03 ,1.26 ,0.01 ,0.05 ,5.74 ,7.13 ,,0.009757925,0.000334969,0.007986124,4.69E-05,0.000397227,318,,846,34.2
2022/4/10,16, D01-2,5.2,1.2116,0.175404046,2.288061268,0.028918609,1.437852294,0.011488639,0.05067666,5.280399402,6.98,,0.010082133,0.000341246,0.008226642,0.000324014,0.000566084,288.6,,1632,128.6
2022/4/10,16, D01-3,5,1.2134,0.228782326,2.598677699,0.028269874,1.489364328,0.010882249,0.052987716,5.741488732,6.95,,0.010149856,0.000359165,0.008831637,6.63E-06,0.000330458,315.5,,1887,87.5
2022/4/10,16, D01-4,4.8,1.2189,0.365770379,2.313420374,0.029143171,1.600288007,0.008423909,0.047730585,5.830733647,6.91,,0.010103746,0.00038005,0.008324699,9.76E-06,0.000538667,319.6,,3423,1081.76
2022/4/10,16, D01-5,4.9,1.2292,0.599028602,1.877791813,0.029018414,1.864266612,0.011406695,0.043920466,6.16007108,6.74,,0.010004323,0.000393632,0.009209066,1.83E-05,0.000411419,336.6,,4851,102.3
2022/4/10,16, D06-1,6.8,1.2104,0.125555331,2.859576362,0.027546285,1.300843448,0.010980582,0.052946075,5.52102784,7.03,,0.009685879,0.0003643,0.008049029,3.58E-05,0.000449158,305.1,,1094,39.5
2022/4/10,16, D06-2,5.6,1.2348,0.678725162,1.621677886,0.028070263,2.028471508,0.012357252,0.042931501,6.311454602,6.62,,0.010090778,0.000378452,0.009148011,8.18E-05,0.000545763,343.1,,5642,47.3
2022/4/10,16, D06-3,4.9,1.2354,0.691692478,1.617806599,0.028444533,2.050195433,0.012275308,0.042796169,6.364849237,6.63,,0.010041787,0.000382789,0.009369103,0.00015794,0.00113991,346,,5633,34.1
2022/4/10,16, D11-1,6.6,1.2096,0.049746408,2.686890851,0.026124058,1.393910718,0.009620301,0.055621487,5.452232533,6.94,,0.012236311,0.000247774,0.00926087,0.000889442,0.000199017,298.2,,906.1,104.78
2022/4/10,16, D11-2,5.7,1.21,0.076473913,2.664272094,0.031513549,1.456367003,0.01163614,0.055371643,5.590810369,6.89,,0.012694524,0.000261698,0.009234968,8.57E-05,0.000583018,305.4,,958.2,71.63
2022/4/10,16, D11-3,5.3,1.2102,0.074734707,2.598242723,0.025824642,1.413124871,0.011062527,0.054164064,5.427834034,6.91,,0.011860231,0.000253595,0.00906383,1.08E-05,0.007132823,297,,873.4,17.1
2022/4/10,16, BS11,9.6,1.1769,0.049848715,2.34443417,0.039497979,1.054145238,0.010751137,0.060347699,4.447127182,7.14,,0.009553314,0.000248003,0.007235893,1.79E-05,4.03E-07,247.3,,611.1,12.73
2022/4/10,16, BS2,10.9,1.2072,0.074376635,2.976062961,0.036903039,1.167249537,0.00857141,0.058588382,5.331734973,7.06,,0.010106628,0.000266948,0.005509713,5.66E-05,0.000743167,296.6,,788,42.32
2022/4/10,16, CL1,11,1.2136,0.151131891,2.594501928,0.028868706,1.427360625,0.011078916,0.054007912,5.535384876,6.9,,0.011448127,0.000281443,0.008904718,1.45E-05,0.004765914,304,,1395.6,13.77
2022/4/10,16, HS1,11.6,1.1389,0.027 ,1.538 ,0.039 ,0.944 ,0.010 ,0.059 ,3.399 ,7.430 ,4.000 ,0.008589337,0.000217188,0.006891767,3.63E-05,0.000563665,187.9,,450.7,9.68
2022/4/10,16, HS21,16.1,1.1443,0.027808237,1.63490116,0.038381165,0.984283069,0.011078916,0.06038934,3.573544129,7.42,,0.008881844,0.000213193,0.006754857,0.001113461,0.000510444,197.6,,501.28,21.88901951
2022/4/10,16, HS3,9.8,1.1248,0.024828249,1.294184383,0.035209603,0.916478091,0.008227242,0.055955132,3.099925253,7.57,,0.008383285,0.000188199,0.006346901,5.67E-05,2.77E-05,170.3,,440.42,24.9822185
2022/5/1,17, D01-1,8.9,1.2083,0.09 ,2.91 ,0.03 ,1.21 ,0.01 ,0.05 ,5.67 ,7.27 ,,0.009429395,0.000337708,0.00773543,2.72E-05,0.000655432,307.5,,808.77,27.82
2022/5/1,17, D01-2,6.7,1.2128,0.221160511,2.534736212,0.028170068,1.446986217,0.010915027,0.048428066,5.903336812,7.09,,0.009943804,0.000356768,0.008945421,8.20E-05,0.000576729,318.1,,1801.27,787.39
2022/5/1,17, D01-3,6.4,1.2133,0.228296371,2.33569115,0.027446479,1.359761366,0.011193638,0.044982303,5.511014583,7,,0.009302594,0.000341931,0.009002775,3.92E-05,0.000780261,297.4,,2029.79,516.77
2022/5/1,17, D01-4,6.1,1.2171,0.333057959,2.236908079,0.028768901,1.51256943,0.011505028,0.045534041,5.797421939,6.92,,0.009658501,0.000379822,0.008418131,5.04E-05,0.000555117,313.2,,2325.5,44.38
2022/5/1,17, D01-5,5.2,1.234,0.632533895,1.468740291,0.028619193,2.065418638,0.010374192,0.037570269,6.378811384,6.63,,0.009711816,0.0003958,0.009086957,3.14E-05,0.000527862,340.5,,5611.57,62.4
2022/5/1,17, D06-1,8.9,1.2105,0.12028656,2.75387717,0.006287739,1.234478502,0.009849746,0.049687695,5.537669591,6.93,,0.008933718,0.000359507,0.007816836,3.72E-05,0.000650916,300.2,,1100.51,71.38
2022/5/1,17, D06-2,8,1.2203,0.448996504,2.210331039,0.027945506,1.490269492,0.008751688,0.045669373,5.92821482,6.48,,0.008772334,0.000376626,0.008443108,4.23E-05,0.000467221,321,,3476.98,59.04
2022/5/1,17, D06-3,6.8,1.2324,0.745531136,1.666393429,0.02839463,1.835054516,0.011570584,0.042317302,6.224127718,6.45,,0.009246398,0.000376969,0.008790934,3.03E-05,0.000583341,338.9,,4911.41,40.79
2022/5/1,17, D11-1,9.8,1.2102,0.051920416,2.736608619,0.025749788,1.356799013,0.010931416,0.052383927,5.661100612,6.96,,0.010095101,0.000327665,0.0099963,5.03E-05,0.000925895,305.6,,678.68,9.33
2022/5/1,17, D11-2,7.2,1.2095,0.076397184,2.579103774,0.02560008,1.405842419,0.009833357,0.052300645,5.692917384,6.95,,0.010391931,0.000342045,0.012898242,4.04E-05,0.000689139,305.2,,890.6,12.12
2022/5/1,17, D11-3,6.6,1.2094,0.079977902,2.580582693,0.025575128,1.436124254,0.009816968,0.052654591,5.663413533,6.9,,0.01039049,0.000340904,0.015142461,4.15E-05,0.000703493,305.1,,914.28,27.19
2022/5/1,17, D11-4,6.6,1.2093,0.078341002,2.579408258,0.026398523,1.405225262,0.009112244,0.052894025,5.711561786,6.91,,0.010338617,0.000341589,0.008691027,8.34E-05,0.000666399,305.9,,906.12,8.86
2022/5/1,17, BS1,11.3,1.193,0.061 ,2.564 ,0.034 ,1.200 ,0.011 ,0.058 ,5.187 ,7.150 ,4.000 ,0.007988473,0.000204748,0.005661425,2.99E-05,0.000757359,282.2,,762.24,41.38
2022/5/1,17, BS2,13.7,1.2102,0.083456314,2.815861264,0.025924447,1.286772269,0.011685306,0.050468457,5.737878318,7.05,,0.008606628,0.000221411,0.007656799,0.000332274,0.000506412,309.5,,905.63,38.55
2022/5/1,17, CL1,13.3,1.2138,0.158728129,2.602027015,0.022930286,1.459617363,0.011210027,0.050478867,5.820889629,7.01,,0.008969741,0.000208971,0.007243293,4.42E-05,0.000822516,314.5,,1436.42,38.47
2022/5/1,17, HS1,17.2,1.1478,0.026 ,1.569 ,0.037 ,1.034 ,0.011 ,0.061 ,3.807 ,7.420 ,4.000 ,0.006795389,0.000163775,0.00687049,4.72E-05,0.00084074,205.4,,1508.97,3708.82
2022/5/1,17, HS2,19.8,1.2089,0.037623119,2.884500492,0.022980189,1.231886443,0.010947805,0.051176348,5.630101825,7.07,,0.008370317,0.00017633,0.006166512,2.55E-05,0.000293203,304,,683.56,169.78
2022/5/1,17, HS3,12.3,1.0519,0.007775274,0.503093354,0.009905684,0.379798395,0.011423083,0.021496981,1.240346374,8.06,,0.001808357,0,0.001088807,2.63E-05,0.00037239,68.3,,214.93,36.29
2022/5/12,18, D01-1,19.54,1.2081,0.10 ,2.97 ,0.03 ,1.31 ,0.01 ,0.05 ,5.30 ,6.99 ,,0.009638329,0.000335312,0.008543941,5.02E-05,0.000695913,299.2,,1217,65.63
2022/5/12,18, D01-2,17.3,1.2112,0.237248167,2.552396242,0.029542392,1.511211685,0.010833082,0.049833437,5.437198545,6.92,,0.010025937,0.000356996,0.008444958,5.08E-05,0.000635434,304.3,,1738,22.06
2022/5/12,18, D01-3,14.02,1.2141,0.318862968,2.280753669,0.030290933,1.581403003,0.010915027,0.050104102,5.497983245,6.89,,0.009878963,0.000375713,0.009052729,3.82E-05,0.000665754,305.2,,2293,32.65
2022/5/12,18, D01-4,13.87,1.2258,0.55027968,1.768525817,0.029617246,1.863526023,0.011554195,0.042546325,5.708684738,6.67,,0.009919308,0.000390436,0.009481036,7.66E-05,0.000598501,316.1,,4013,215.32
2022/5/12,18, D01-5,12.52,1.2522,0.450019566,0.696918703,0.025749788,2.683563053,0.014799203,0.026087862,6.496770372,6.31,,0.011211816,0.000336225,0.010275671,0.000121145,0.000796873,333.9,,6359,76.05
2022/5/12,18, D01-6,19.51,1.2405,0.365693649,0.949161342,0.026298718,2.502036618,0.0137667,0.032386009,6.290835754,6.38,,0.01124928,0.000326866,0.010513414,0.000116014,0.001027661,325.3,,4312,56.65
2022/5/12,18, D01-7,17.06,1.2629,0.330756069,0.462466587,0.024102999,3.089981485,0.014553369,0.023162607,6.957605844,6.02,,0.012331412,0.000284182,0.011843663,0.000119518,0.001355054,349.8,,4787,59.99
2022/5/12,18, D01-8,15.29,1.265,0.299680549,0.416533111,0.023678826,3.061880272,0.015815316,0.020976473,6.827038615,5.95,,0.012368876,0.000270372,0.01139778,0.000110758,0.001481657,342,,4610,182.49
2022/5/12,18, D06-1,20.35,1.2095,0.110976692,2.971321721,0.032960727,1.262085991,0.00826002,0.052029981,5.236256452,6.6,,0.009389049,0.000371605,0.010644773,3.97E-05,0.000474317,296,,1121,157.75
2022/5/12,18, D06-2,19.88,1.2258,0.628390493,1.941124332,0.028294825,1.629500103,0.009276134,0.045409119,5.682622063,6.53,,0.008927954,0.000387012,0.009019426,6.92E-05,0.000615758,316.6,,4797,55.5
2022/5/12,18, D06-3,19.58,1.2289,0.660847147,1.797321235,0.033260143,1.788479737,0.011373917,0.043347908,5.738470651,6.51,,0.00935879,0.00038336,0.009034228,6.83E-05,0.000599791,320.5,,4880,39.53
2022/5/12,18, D11-1,19.22,1.2085,0.061025671,2.832259863,0.027321723,1.099526846,0.011029749,0.053508224,5.027021691,6.8,,0.011737752,0.000322643,0.011011101,6.80E-05,0.000792357,279.6,,695,14.9
2022/5/12,18, D11-2,20.68,1.2081,0.050283516,2.867971401,0.027396577,1.156511006,0.010423359,0.054070373,5.16765859,6.89,,0.012080692,0.000322415,0.009175763,6.50E-05,0.000767036,286.4,,687,14.42
2022/5/12,18, D11-3,17.83,1.2075,0.051229849,2.868449874,0.027346674,1.110306521,0.009292523,0.054330627,5.077144388,6.89,,0.011975504,0.000325953,0.009150786,8.99E-05,0.000749296,282.1,,705,132.27
2022/5/12,18, BS1,14.87,1.2112,0.110 ,2.854 ,0.030 ,1.385 ,0.010 ,0.054 ,5.276 ,6.960 ,4.000 ,0.011341499,0.000398425,0.009321924,2.62E-05,0.000800904,297.9,,1016,19.99
2022/5/12,18, BS2,13.39,1.2114,0.100029925,2.580756684,0.028269874,1.355770418,0.012586697,0.052248595,4.983104392,6.95,,0.01114121,0.000382105,0.008888067,3.78E-05,0.000869286,280,,1007,129.09
2022/5/12,18, CL1,11.8,1.1966,0.06995189,2.740653897,0.034832077,1.254186381,0.012471975,0.057870081,4.772177249,7.07,,0.010368876,0.000364985,0.008163737,6.56E-05,0.000791228,273.4,,778,46.25
2022/5/12,18, HS1,19.02,1.1638,0.025 ,2.106 ,0.043 ,1.095 ,0.007 ,0.069 ,3.953 ,7.160 ,4.000 ,0.009302594,0.000320361,0.00733395,6.19E-05,0.000713492,225.1,,545,43.94
2022/5/12,18, HS2,17.8,1.2116,0.051255425,2.490586139,0.024801637,1.660357951,0.014291146,0.061607329,5.299805376,6.84,,0.014475504,0.000410865,0.011184089,7.41E-05,0.001026693,295.6,,779,22.57
2022/5/12,18, HS3,15.11,1.1333,0.024425614,1.513281843,0.039997006,1.017774121,0.008964744,0.06492817,3.325924463,7.44,,0.00856196,0.000299703,0.008488437,4.68E-05,0.000648981,187,,466,17.85
2022/5/23,19, D01-1,20.8,1.2114,0.17 ,2.65 ,0.03 ,1.36 ,0.01 ,0.06 ,5.57 ,6.87 ,,0.009817003,0.000339877,0.008319149,5.47E-05,0.001076044,306,,707.6,21.81
2022/5/23,19, D01-2,20.81,1.2129,0.229651929,2.486497363,0.027446479,1.409092779,0.010669193,0.060191547,5.493385609,6.9,,0.009896254,0.000349121,0.009228492,9.20E-05,0.00083445,302.9,,1968,101.22
2022/5/23,19, D01-3,19.54,1.2154,0.290856636,2.385104435,0.028344728,1.480724131,0.011029749,0.059317093,5.642230559,6.89,,0.009958213,0.000366012,0.009183164,0.00010838,0.000641885,310,,2218,24.4
2022/5/23,19, D01-4,18.45,1.2274,0.475059018,1.651908725,0.027571236,1.887307138,0.013127532,0.052560899,5.924886469,6.65,,0.010786744,0.000370463,0.00913691,0.000113636,0.000758811,319.7,,4265,1808
2022/5/23,19, D01-5,19.82,1.2432,0.353698243,0.894441349,0.024252707,2.617691833,0.015503927,0.041723923,6.522099681,6.36,,0.011596542,0.000317279,0.010181314,0.000121646,0.000835579,335.5,,4553,832.6
2022/5/23,19, D01-6,20,1.2347,0.308171967,1.207189163,0.025101053,2.356922444,0.013340588,0.047053925,6.190082645,6.42,,0.011475504,0.000319448,0.009784459,0.000131908,0.00110201,323.2,,3517,53.85
2022/5/23,19, D01-7,17.97,1.2415,0.344439528,0.98704776,0.024876491,2.534005349,0.01560226,0.044440974,6.431698305,6.34,,0.011729107,0.000315453,0.010103608,0.000121646,0.001157489,332.3,,3864,46.43
2022/5/23,19, D01-8,20.36,1.24,0.289884726,0.959687764,0.024609511,2.512816293,0.014160035,0.044274412,6.431021352,6.34,,0.011533141,0.000306209,0.010333025,0.000140043,0.001204582,328.9,,3696,525.92
2022/5/23,19, D06-1,18.36,1.2132,0.184125653,2.725342738,0.026772793,1.34355071,0.007538907,0.06041016,5.403774011,6.6,,0.009682997,0.000541429,0.008633673,6.09E-05,0.000360133,301.7,,1385,72.38
2022/5/23,19, D06-2,13.94,1.2283,0.555522874,1.862828635,0.026872598,1.806665295,0.010128358,0.054018322,5.821989676,6.58,,0.009900576,0.000551016,0.009514339,7.33E-05,0.000522862,322,,4171,29.47
2022/5/23,19, D06-3,12.74,1.2283,0.566725407,1.876704372,0.026872598,1.811232257,0.008702521,0.053841349,5.762699913,6.59,,0.010014409,0.000551815,0.010194265,8.92E-05,0.000600436,320.7,,4183,36.81
2022/5/23,19, D11-1,12.2,1.21,0.063097373,2.796809311,0.02782075,1.371281629,0.009866135,0.066125338,5.434631766,6.92,,0.010821326,0.000501255,0.009764107,6.18E-05,0.000785583,301.1,,706.5,17.63
2022/5/23,19, D11-2,19.44,1.2096,0.055808053,2.814817322,0.02542542,1.371405061,0.008374743,0.066396002,5.428934082,7,,0.010708934,0.000496005,0.009351526,6.67E-05,0.000639788,300.9,,660.6,1.82
2022/5/23,19, D11-3,16.83,1.2095,0.057649565,2.826692169,0.030465592,1.378605225,0.010308636,0.066656257,5.356218092,7,,0.011082133,0.000542,0.009855689,0.000138416,0.000685107,299.2,,1488,1943
2022/5/23,19, BS1,14.97,1.2146,0.116 ,2.469 ,0.027 ,1.586 ,0.013 ,0.067 ,5.481 ,6.820 ,4.000 ,0.011756484,0.000610363,0.0106716,4.14E-05,0.000934442,302.8,,1136,47.86
2022/5/23,19, BS2,20.08,1.2146,0.117115066,2.428167069,0.026423474,1.577000617,0.013832256,0.067645222,5.489944433,6.85,,0.01175072,0.000607624,0.010456059,3.93E-05,0.001020887,302.1,,1082,15.47
2022/5/23,19, CL1,20.24,1.2148,0.179547448,2.579582248,0.027072209,1.483275046,0.010734748,0.066822819,5.462020139,6.85,,0.01012536,0.000551244,0.009644773,2.37E-05,0.000776068,304.5,,1505,11.25
2022/5/23,19, HS1,19.01,1.21,0.048 ,2.804 ,0.026 ,1.336 ,0.011 ,0.071 ,5.327 ,6.900 ,4.000 ,0.010381844,0.000540972,0.009549491,1.15E-05,0.000849126,296.5,,717.4,11.12
2022/5/23,19, HS21,18.62,1.1859,0.063327562,2.220857461,0.034283148,1.292984983,0.011750862,0.075723506,4.655177277,7.09,,0.010067723,0.000554097,0.009421832,9.39E-06,0.000705589,259.6,,1369,382.7
2022/5/23,19, HS3,17.95,1.1853,0.038901947,1.855434041,0.029093268,1.244887883,0.01270142,0.072569228,4.20204214,7.05,,0.009701729,0.000511071,0.009617021,1.89E-05,0.000782519,232.6,,1259,280.4
2022/6/22,20, D01-1,19.5,1.2098,0.10 ,3.04 ,0.03 ,1.32 ,0.01 ,0.08 ,5.45 ,6.84 ,,0.012082133,0.000349007,0.008949121,8.16E-05,0.000712847,309.01,,1025,51.78
2022/6/22,20, D01-2,16.7,1.2108,0.14964845,2.837218591,0.029193074,1.380004114,0.007276684,0.084228607,5.560206471,6.82,,0.010814121,0.00036042,0.008349676,3.63E-05,0.000672205,311.69,,1179,35.85
2022/6/22,20, D01-3,13.9,1.2126,0.211185653,2.636129141,0.02839463,1.444229582,0.010177525,0.081917552,5.608100866,6.77,,0.011325648,0.000367953,0.008981499,8.84E-05,0.000649304,312.67,,1918,52.24
2022/6/22,20, D01-4,12.9,1.2171,0.353084405,2.343303232,0.028718998,1.585723102,0.00826002,0.07985634,5.639861225,6.75,,0.010698847,0.000399452,0.009497687,0.0001045,0.000473027,315.75,,2697,47.15
2022/6/22,20, D01-5,11.7,1.2337,0.740364671,1.573352042,0.028444533,2.055461839,0.012062252,0.071861337,6.154063126,6.56,,0.010835735,0.000413832,0.010880666,6.17E-05,0.000755263,342.32,,5655,59.28
2022/6/22,20, D06-1,19.1,1.2152,0.294002553,2.642566787,0.0296921,1.462168278,0.009440023,0.084009994,5.587482018,6.69,,0.010478386,0.000404131,0.008875116,5.42E-05,0.000640756,315.96,,2215,36.96
2022/6/22,20, D06-2,16.9,1.2159,0.331242023,2.609247618,0.031039473,1.481547007,0.008800855,0.085019779,5.703297323,6.63,,0.010471182,0.000410066,0.008854764,4.09E-05,0.000430611,321.33,,2423,58.43
2022/6/22,20, D06-3,14.5,1.2293,0.802004179,2.167398898,0.030690154,1.617856408,0.009161411,0.081626067,5.924576199,6.55,,0.009579251,0.000425702,0.008346901,7.15E-05,0.000397065,340.41,,5652,325.16
2022/6/22,20, D11-1,19.7,1.2091,0.045449546,2.983240066,0.028444533,1.307837893,0.009849746,0.077711847,5.373508589,6.86,,0.01032853,0.000209769,0.008787234,3.50E-05,0.000860416,302.1,,741.7,31.78
2022/6/22,20, D11-2,19.4,1.2089,0.046012231,2.976541435,0.029093268,1.320921621,0.009915302,0.077232979,5.316700984,6.98,,0.010440922,0.000213422,0.008418131,4.37E-05,0.000837353,300.26,,724.5,30.28
2022/6/22,20, D11-3,19.1,1.2087,0.046063384,2.999029699,0.028469485,1.321168484,0.008440298,0.07595253,5.303218345,6.91,,0.010259366,0.000211025,0.009784459,4.37E-05,0.00075865,300.07,,692.8,28.6
2022/6/22,20, BS1,18,1.2192,0.184 ,2.243 ,0.033 ,1.788 ,0.013 ,0.083 ,5.657 ,6.700 ,4.000 ,0.013304035,0.00040242,0.014851064,3.33E-05,0.000823322,313.23,,1827,148.94
2022/6/22,20, BS2,20.9,1.2166,0.145914272,2.435474667,0.032037527,1.644558733,0.012619475,0.082302727,5.505204073,6.75,,0.012654179,0.00036761,0.011032377,2.79E-05,0.000889285,307.1,,1343,33.92
2022/6/22,20, CL1,20.8,1.2152,0.214305993,2.682149612,0.02894356,1.47854351,0.00871891,0.076119092,5.47355654,6.81,,0.009994236,0.000276535,0.012564292,3.60E-05,0.000673334,309.31,,1878,20.93
2022/6/22,20, HS1,25.3,1.2019,0.042 ,2.592 ,0.030 ,1.414 ,0.012 ,0.087 ,5.146 ,6.960 ,4.000 ,0.011543228,0.000296394,0.009783534,3.65E-05,0.000675269,288.61,,726.1,22.53
2022/6/22,20, HS21,25.8,1.2054,0.042943044,2.615554771,0.032262089,1.444846739,0.012439197,0.087382886,5.20816292,6.93,,0.011717579,0.000300845,0.009853839,4.00E-05,0.000800743,292.28,,764,33.24
2022/6/24,21, D01-1,21.3,1.2091,0.10 ,2.82 ,0.03 ,1.32 ,0.01 ,0.06 ,5.49 ,6.78 ,,0.010010086,0.00034079,0.009256244,5.24E-05,0.000671721,303.2,,1262,38.24
2022/6/24,21, D01-2,15.6,1.2126,0.2365576,2.498589699,0.029467538,1.505369266,0.010390581,0.052665001,5.687388937,6.69,,0.009963977,0.000371262,0.009088807,0,0,312,,2788,160.3
2022/6/24,21, D01-3,12.5,1.2139,0.273669188,2.362572673,0.029043365,1.553589796,0.010488915,0.050499688,5.688037684,6.75,,0.009801153,0.000371833,0.009384829,2.74E-05,0.000613822,311.3,,2556,45.5
2022/6/24,21, D01-4,11.2,1.2187,0.425389339,2.04343071,0.02986676,1.692038675,0.008079742,0.048251093,5.80678645,6.72,,0.010072046,0.000403675,0.009320999,6.76E-05,0.000524475,317.2,,4708,952.9
2022/6/24,21, D01-5,9.9,1.2346,0.672356599,1.26530197,0.028519387,2.149269698,0.012144196,0.03958984,6.200631822,6.46,,0.010021614,0.000396371,0.009553191,3.50E-05,0.000355778,333.4,,7292,65.9
2022/6/24,21, D06-1,20.6,1.2156,0.276354726,2.406722747,0.030265981,1.457971611,0.008882799,0.054070373,5.541590274,6.59,,0.009510086,0.000388838,0.00806938,2.92E-05,0.000390453,305.2,,2339,18.27
2022/6/24,21, D06-2,17.1,1.222,0.542734595,2.269183305,0.0296921,1.532030446,0.008473076,0.05132209,5.822553804,6.5,,0.009092219,0.000402305,0.009107308,3.82E-05,0.000171277,323.9,,4769,28.24
2022/6/24,21, D06-3,13.9,1.2299,0.842184954,1.924508245,0.030665203,1.6162518,0.007784741,0.049594004,5.953064621,6.53,,0.008471182,0.000411436,0.008028677,4.04E-05,0.000595921,334.2,,6847,113.6
2022/6/24,21, D06-4,11.9,1.2294,0.826813442,2.003804388,0.030939668,1.616992388,0.008964744,0.049812617,6.017459735,6.51,,0.008612392,0.000413832,0.008049954,2.90E-05,0.000719621,337.8,,7571,93.75
2022/6/24,21, D11-1,20.4,1.2094,0.045193781,2.721340958,0.027845701,1.337914009,0.009751413,0.055121799,5.377401066,6.64,,0.010596542,0.000316366,0.008249769,0,0.000572535,294.7,,1041,76.38
2022/6/24,21, D11-2,20,1.2086,0.044042836,2.711640991,0.027521333,1.33824316,0.009866135,0.05582969,5.364821031,6.68,,0.010481268,0.000313627,0.008430157,2.58E-05,0.000158213,294.1,,1072,295
2022/6/24,21, D11-3,20.1,1.2085,0.043019773,2.651875275,0.027571236,1.344414729,0.00980058,0.055725588,5.316672778,6.77,,0.010554755,0.000312257,0.008584644,0,4.03E-07,291.1,,1384,545.2
2022/6/24,21, BS1,22,1.2194,0.089 ,2.794 ,0.033 ,1.235 ,0.013 ,0.054 ,5.296 ,6.540 ,4.000 ,0.009815562,0.000518945,0.008769658,2.83E-05,0.000174502,293.1,,2220,174.8
2022/6/24,21, BS2,21.9,1.2156,0.145274858,2.315377767,0.034707321,1.632462456,0.013242255,0.059296273,5.66189039,6.63,,0.012700288,0.00059507,0.011057354,4.42E-05,0.000221918,307.5,,2046,281.3
2022/6/24,21, CL1,18.7,1.217,0.250189906,2.237299557,0.030740057,1.577988068,0.011210027,0.048448886,5.59467464,6.59,,0.010195965,0.000505935,0.009888992,0,0.000602049,304.8,,3466,87.48
2022/6/24,21, HS1,21.3,1.2085,0.043 ,2.616 ,0.031 ,1.418 ,0.012 ,0.061 ,5.422 ,6.740 ,4.000 ,0.011932277,0.000533212,0.010305273,2.48E-05,0.00066527,296.7,,958.9,37.27
2022/6/24,21, HS21,18.4,1.1935,0.043070926,2.205372311,0.037202455,1.367619831,0.011439472,0.06561524,4.91388599,6.84,,0.011239193,0.000524994,0.009987049,3.17E-05,0.000802033,268.6,,949.3,36.89
2022/6/26,22, D01-1,19.5,1.2105,0.10 ,2.96 ,0.03 ,1.30 ,0.01 ,0.06 ,5.59 ,7.03 ,,0.009949568,0.000339534,0.008487512,2.43E-05,0.000517862,309.1,,874,28.68
2022/6/26,22, D01-2,16.3,1.2111,0.142410284,2.733259303,0.030166176,1.369512446,0.007768352,0.055236311,5.555213945,7.08,,0.010020173,0.000353002,0.008836263,2.98E-05,0.000472543,305.9,,1207,19.4
2022/6/26,22, D01-3,14,1.2121,0.169240095,2.680061727,0.029717052,1.380785847,0.009915302,0.055090568,5.548895721,7.01,,0.009994236,0.000352545,0.008620722,2.95E-05,0.000487542,305.8,,1467,23.56
2022/6/26,22, D01-4,11.8,1.2175,0.315486863,2.273141587,0.028893657,1.566097511,0.010669193,0.051499063,5.66189039,6.96,,0.00993804,0.000384045,0.01066975,2.59E-05,0.000446578,310.4,,2334,23.24
2022/6/26,22, D01-5,9.9,1.2355,0.701462723,1.396534258,0.029043365,2.052458342,0.012783365,0.044524256,6.158350492,6.76,,0.010224784,0.000397626,0.009427382,2.97E-05,0.000547215,334.2,,5784,61
2022/6/26,22, D01-6,10.6,1.2625,0.364184632,0.479822133,0.024202805,3.165315779,0.015946428,0.025182178,7.154373396,6.28,,0.01257781,0.000304383,0.011446809,3.17E-05,0.000933313,360.5,,5038,56.4
2022/6/26,22, D06-1,20.1,1.2158,0.257862874,2.562183204,0.029841808,1.423328533,0.010062802,0.057432854,5.599751784,6.89,,0.009616715,0.000387469,0.008818686,2.47E-05,0.000465286,309.7,,1820,18.07
2022/6/26,22, D06-2,17.5,1.2185,0.351549812,2.487628301,0.031488597,1.468627854,0.007735574,0.055527795,5.719290328,6.89,,0.009704611,0.000394088,0.008823312,2.88E-05,0.000347231,316.7,,2651,86.96
2022/6/26,22, D06-3,14,1.227,0.6711545,2.208591135,0.029118219,1.537091134,0.009702246,0.045898397,5.909993513,6.92,,0.009025937,0.000403333,0.008303423,3.20E-05,0.00043803,330.3,,4536,37.5
2022/6/26,22, D06-4,12.1,1.2264,0.660642534,2.141778806,0.029043365,1.51549064,0.010636415,0.045887987,5.788536936,6.87,,0.009034582,0.000402762,0.008190564,2.88E-05,0.00045061,323.6,,4467,165.13
2022/6/26,22, D11-1,20.2,1.2118,0.048569887,2.8061178,0.027321723,1.361736268,0.010210303,0.060295649,5.501311596,7.04,,0.010909222,0.000318991,0.008647549,2.79E-05,0.000724781,302.3,,728,13.25
2022/6/26,22, D11-2,19.7,1.2105,0.04304535,2.788588263,0.028095214,1.348899403,0.010685582,0.056849885,5.460412377,7.08,,0.010808357,0.000311573,0.008623497,2.54E-05,0.000601082,299.6,,680,14.32
2022/6/26,22, D11-3,19.7,1.2102,0.043812647,2.868971846,0.026822696,1.347911952,0.010439748,0.056839475,5.537218289,7.07,,0.010870317,0.000316024,0.008776133,2.52E-05,0.000660916,304.2,,645,17.24
2022/6/26,22, BS1,17.1,1.209,0.169 ,2.110 ,0.030 ,1.757 ,0.013 ,0.053 ,5.735 ,6.800 ,4.000 ,0.012086455,0.000428898,0.010269195,2.79E-05,0.000833966,308.5,,1611,33.12
2022/6/26,22, BS2,18.4,1.217,0.148241739,2.176837879,0.028544339,1.632092162,0.012799754,0.053622736,5.525456238,6.83,,0.011645533,0.000400936,0.0096716,3.03E-05,0.000741877,298.7,,1326,75.82
2022/6/26,22, CL1,17.4,1.2215,0.313901116,1.943255715,0.025749788,1.73293561,0.01147225,0.043930877,5.673285759,6.76,,0.009322767,0.000326409,0.008842738,3.05E-05,0.000693332,306.4,,3313,33.19
2022/6/26,22, HS1,25.7,1.2105,0.042 ,2.402 ,0.027 ,1.493 ,0.013 ,0.056 ,5.358 ,7.000 ,4.000 ,0.011211816,0.000356083,0.009570768,2.48E-05,0.001123137,290.6,,758,21.95
2022/6/26,22, HS2,21.4,1.2105,0.054247883,2.607464216,0.027945506,1.43575396,0.011111694,0.05649594,5.463571489,6.96,,0.010842939,0.000340219,0.009196115,2.53E-05,0.000959924,298.2,,873,38.96
2022/6/28,23, D01-1,19.9,1.2104,0.10 ,3.06 ,0.03 ,1.28 ,0.01 ,0.06 ,5.66 ,6.87 ,,0.009897695,0.000334284,0.008515264,4.14E-05,0.00070059,313.3,,971.7,47.64
2022/6/28,23, D01-2,16,1.2132,0.209855671,2.752398252,0.029542392,1.457560173,0.009308912,0.053476994,5.818858771,6.75,,0.010076369,0.00035848,0.008767808,3.38E-05,0.000601727,320.3,,1652.62,21.35
2022/6/28,23, D01-3,12.4,1.2185,0.346255464,2.430428944,0.029392684,1.600658301,0.010701971,0.050603789,5.923617183,6.71,,0.009904899,0.000382789,0.008825162,4.53E-05,0.000683817,325.3,,2578.64,122.53
2022/6/28,23, D01-4,13.3,1.2182,0.323364443,2.397501254,0.029592295,1.590002057,0.010652804,0.050843223,5.846529208,6.76,,0.009978386,0.000380507,0.008756707,3.78E-05,0.000691236,320.6,,2353.11,23.5
2022/6/28,23, D01-5,9.9,1.2377,0.716373858,1.544904605,0.028818803,2.151368031,0.011849196,0.041036852,6.527007588,6.51,,0.010433718,0.000395344,0.009450509,4.36E-05,0.000740425,353.3,,5642.89,66.61
2022/6/28,23, D01-6,9.4,1.2611,0.322776182,0.500526995,0.02467688,3.272125077,0.011963918,0.025692276,7.351310185,6.13,,0.012664265,0.00030016,0.011304348,4.78E-05,0.001276996,368.8,,4630.55,202.96
2022/6/28,23, D01-7,8.7,1.2667,0.283669622,0.35376606,0.023803583,3.44789138,0.017421431,0.023443681,7.513948044,5.93,,0.013,0.000278932,0.011691952,4.08E-05,0.001478432,374,,4114.83,54.26
2022/6/28,23, D01-8,8.9,1.2682,0.271648639,0.385084339,0.024701831,3.460769389,0.017175598,0.023193837,7.561306518,5.9,,0.013113833,0.000284981,0.01186679,3.99E-05,0.001482947,376.3,,3825.67,60.43
2022/6/28,23, D06-1,19.7,1.2713,0.264666239,2.771580697,0.0306153,1.432009875,0.006408071,0.057006038,5.84023919,6.56,,0.009730548,0.000385757,0.008070305,2.50E-05,0.000440288,323.2,,1914.24,30.53
2022/6/28,23, D06-2,17.2,1.2213,0.454393158,2.517250173,0.030640252,1.472742234,0.009276134,0.055288361,5.857727132,6.61,,0.009282421,0.00039386,0.008178538,2.48E-05,0.000384808,326.4,,3117.27,52.29
2022/6/28,23, D06-3,14.1,1.2298,0.785277109,2.228339049,0.030765008,1.566056367,0.008997522,0.052977306,6.091896313,6.59,,0.008742075,0.000409724,0.008045328,2.78E-05,0.000517217,343.1,,5231.6,173.34
2022/6/28,23, D06-4,11.8,1.2299,0.780085068,2.258961367,0.030590349,1.546842214,0.009308912,0.053133458,6.078018785,6.6,,0.008808357,0.00041155,0.008006475,2.62E-05,0.000514959,342.6,,5165.86,44.8
2022/6/28,23, D11-1,20.1,1.2114,0.044196295,3.031565911,0.028095214,1.333347048,0.006866961,0.054018322,5.682960539,6.81,,0.010636888,0.00031123,0.008449584,2.74E-05,0.000767681,312.3,,890.69,138.91
2022/6/28,23, D11-2,19.6,1.2105,0.042278053,3.00264,0.028120166,1.352232051,0.007899464,0.055028107,5.686937636,6.92,,0.010766571,0.00030929,0.008396855,3.14E-05,0.000614629,312.3,,686.87,87.09
2022/6/28,23, D11-3,19.6,1.2103,0.042943044,3.088373789,0.027745896,1.329479531,0.010062802,0.054288986,5.726482949,6.92,,0.01078098,0.000312257,0.008317299,3.15E-05,0.000788325,315.2,,606.02,9.32
2022/6/28,23, BS1,17.3,1.2201,0.201 ,2.330 ,0.030 ,1.770 ,0.013 ,0.055 ,6.008 ,6.640 ,4.000 ,0.012739193,0.000470098,0.010508788,2.49E-05,0.000699783,325,,1792.48,42.01
2022/6/28,23, BS2,18.6,1.2169,0.155352023,2.497241273,0.031488597,1.63488994,0.010226692,0.058994379,5.856457846,6.71,,0.012286744,0.000436887,0.010055504,2.63E-05,0.000827031,318.7,,1319.83,87.38
2022/6/28,23, CL1,16,1.2198,0.267172742,2.495718857,0.027695993,1.695618186,0.009653079,0.048854882,6.10044284,6.67,,0.01026513,0.000366126,0.009217391,2.60E-05,0.000616242,331.9,,2642.84,20.7
2022/6/28,23, HS1,27.6,1.2095,0.046 ,2.792 ,0.028 ,1.513 ,0.012 ,0.062 ,5.783 ,6.860 ,4.000 ,0.012293948,0.000405273,0.010021277,3.15E-05,0.000670592,315.9,,792.02,107.27
2022/6/28,23, HS2,22.3,1.2085,0.045321664,2.83321681,0.029168122,1.490104917,0.009964469,0.062679575,5.780808394,6.87,,0.0120317,0.0003958,0.009777058,2.72E-05,0.000628499,316.1,,732.05,41.52
2022/7/10,24, D01-1,21.7,1.2101,0.11 ,2.87 ,0.03 ,1.30 ,0.01 ,0.05 ,5.52 ,6.85 ,,0.009782421,0.000335426,0.008179463,2.65E-05,0.00031933,304.7,,1226.8,586.4
2022/7/10,24, D01-2,18.1,1.2121,0.197272004,2.449350405,0.028918609,1.419090722,0.009816968,0.051353321,5.428736637,6.81,,0.00964121,0.000348322,0.008437558,3.09E-05,0.000250787,297.9,,1545,28.9
2022/7/10,24, D01-3,14.6,1.2135,0.217528639,2.378666789,0.029043365,1.480847562,0.009816968,0.051707266,5.501339802,6.81,,0.009815562,0.000356197,0.008654949,3.58E-05,0.000211596,301.2,,1651.5,18.8
2022/7/10,24, D01-4,12.9,1.2173,0.325026919,2.074401009,0.029242976,1.58407735,0.010374192,0.049125547,5.51614814,6.84,,0.009759366,0.000380621,0.008808511,2.53E-05,0.000221595,301.2,,2362.5,24.4
2022/7/10,24, D01-5,11.4,1.2351,0.680106296,1.278133765,0.028494436,2.041802098,0.011341139,0.041099313,6.004654049,6.63,,0.010001441,0.000388039,0.009086957,3.47E-05,0.000219983,324.5,,4849.7,34.4
2022/7/10,24, D01-6,9.6,1.2679,0.244102685,0.368207266,0.025674934,3.340711788,0.013848645,0.021559442,7.285589372,5.93,,0.013282421,0.000279046,0.011908418,2.88E-05,0.000467544,361.7,,2944.9,60.1
2022/7/10,24, D06-1,20.8,1.2154,0.220700133,2.581322152,0.030590349,1.376836042,0.008653354,0.054642932,5.49787042,6.58,,0.009487032,0.000383132,0.008049029,2.58E-05,0.000235788,303.6,,1554,18.2
2022/7/10,24, D06-2,18.9,1.2165,0.303568186,2.484452976,0.031089376,1.406006994,0.0090303,0.053612326,5.545087863,6.6,,0.009461095,0.000390436,0.008118409,2.54E-05,0.000229337,306.9,,1836.3,22.3
2022/7/10,24, D06-3,15.4,1.2316,0.870037828,1.88657833,0.030565397,1.53857231,0.008555021,0.049448262,5.787183031,6.53,,0.008391931,0.000407898,0.007921369,2.47E-05,0.000221112,326.7,,4992.7,44.4
2022/7/10,24, D06-4,13,1.2321,0.874002194,1.989319684,0.031887819,1.559884797,0.008702521,0.050468457,5.936930584,6.47,,0.008471182,0.000412805,0.007991674,2.44E-05,0.000240304,335.2,,5690.9,89.5
2022/7/10,24, D11-1,20.7,1.2087,0.041203838,2.770754243,0.029567344,1.271590208,0.006899739,0.05260254,5.301272107,6.91,,0.010115274,0.000303698,0.008107308,2.62E-05,0.000309814,291,,584.5,14.4
2022/7/10,24, D11-2,20.5,1.2098,0.041919981,2.833390801,0.029816857,1.296194199,0.009620301,0.054164064,5.408681917,6.93,,0.010420749,0.00031123,0.008160962,2.55E-05,0.000283687,297.2,,571.1,15.7
2022/7/10,24, D11-3,20.5,1.2095,0.04215017,2.859402372,0.029941614,1.301337173,0.007932242,0.054309806,5.446929738,6.93,,0.010427954,0.000307806,0.008094357,2.54E-05,0.000299331,299.2,,593.8,21.9
2022/7/10,24, BS1,20.7,1.2305,0.383 ,1.490 ,0.038 ,2.090 ,0.011 ,0.041 ,6.035 ,6.510 ,4.000 ,0.011308357,0.000526934,0.010296022,2.75E-05,0.000901703,320.4,,3131.1,69.1
2022/7/10,24, BS2,19.9,1.2202,0.238885067,2.022986834,0.032910824,1.718288418,0.011832807,0.052029981,5.646997433,6.66,,0.010788184,0.000358023,0.009567993,2.88E-05,0.000669463,305.1,,1896.3,27.9
2022/7/10,24, CL1,17.6,1.2276,0.319246617,1.581442597,0.032786067,2.062250566,0.012258919,0.038465542,5.998420444,6.53,,0.008991354,0.000287035,0.00946346,2.87E-05,0.000649304,317.6,,3003.6,27.3
2022/7/10,24, HS1,21.9,1.2141,0.044 ,2.313 ,0.027 ,1.626 ,0.014 ,0.059 ,5.530 ,6.830 ,4.000 ,0.012067723,0.000303812,0.01033025,2.55E-05,0.000673173,298.4,,737.1,21.2
2022/7/10,24, HS2,21.3,1.2138,0.054401342,2.411420489,0.027895604,1.610820819,0.012930865,0.060462211,5.607875215,6.83,,0.011940922,0.000301872,0.010311748,2.84E-05,0.000777035,303.5,,765.8,21.5
2022/7/21,25, D01-1,19.9,1.2104,0.12 ,2.87 ,0.03 ,1.23 ,0.01 ,0.06 ,5.39 ,6.91 ,,0.011599424,0.000324698,0.011292322,4.57E-05,0.000464318,299.2,,1317.3,106
2022/7/21,25, D01-2,17.7,1.2111,0.138471494,2.79937567,0.029916663,1.281999589,0.009702246,0.05647512,5.43638056,6.9,,0.011263689,0.000339192,0.010321924,4.33E-05,0.000273849,301.1,,1286.9,52.4
2022/7/21,25, D01-3,15.9,1.2113,0.150006522,2.753007218,0.029567344,1.262456285,0.010013636,0.057110139,5.360195188,6.95,,0.011335735,0.000342159,0.010362627,3.13E-05,0.000503186,297.4,,1547.6,122.6
2022/7/21,25, D01-4,13.8,1.218,0.331779131,2.509681589,0.029617246,1.381526435,0.010292247,0.054101603,5.543000592,6.89,,0.011788184,0.000365099,0.009274746,4.32E-05,0.00042916,308,,2572,81.9
2022/7/21,25, D01-5,12.2,1.2368,0.757884614,1.513412336,0.02856929,1.9300144,0.011816418,0.043118884,6.089019265,6.62,,0.012017291,0.000395914,0.009558742,6.16E-05,0.002936058,333.6,,6327.9,359.9
2022/7/21,25, D01-6,10.3,1.2554,0.498077922,0.663599534,0.026298718,2.75860934,0.013865034,0.02727462,6.660423659,6.16,,0.012566282,0.000374914,0.010366327,5.21E-05,0.000649465,342.7,,8679,202.6
2022/7/21,25, D01-7,9.9,1.261,0.400580076,0.566599864,0.026099107,3.074141123,0.015258093,0.025098897,7.098947903,6.09,,0.01428098,0.000338051,0.011140611,6.53E-05,0.000372067,359.8,,6541.1,77.7
2022/7/21,25, D06-1,19.8,1.2128,0.208244348,2.873713085,0.030889765,1.183377906,0.009292523,0.05842182,5.38194229,5.69,,0.01078098,0.000387354,0.008528215,3.10E-05,0.000332877,301.4,,1906.4,1505.2
2022/7/21,25, D06-2,18.3,1.2148,0.27379707,2.794068962,0.030665203,1.182225879,0.009063078,0.057078909,5.368290413,6.57,,0.010675793,0.000389637,0.008244218,3.33E-05,0.000210951,301.5,,2054.6,170.4
2022/7/21,25, D06-3,16,1.2312,0.926945673,2.243867696,0.031488597,1.398930261,0.008489465,0.053799709,5.914957831,6.36,,0.010226225,0.000416001,0.008396855,3.98E-05,0.000342231,338.7,,6340,5321.2
2022/7/21,25, D11-1,19.5,1.2098,0.052738866,3.353100242,0.028145117,1.16013166,0.008358354,0.05714137,5.656813246,6.73,,0.01259366,0.000469984,0.00986309,2.84E-05,0.000391098,315.3,,855,56.4
2022/7/21,25, D11-2,19.3,1.2087,0.047291059,3.062666702,0.025874545,1.057519029,0.008325576,0.052279825,5.161171128,6.74,,0.011886167,0.000447957,0.010679001,3.05E-05,0.000362391,287.8,,718,43.7
2022/7/21,25, D11-3,19.2,1.2087,0.04862104,3.143963734,0.02634862,1.141904958,0.008456687,0.054361857,5.409020393,6.72,,0.012268012,0.000454919,0.008483811,4.51E-05,0.000292396,300.7,,780.2,88
2022/7/21,25, BS1,16,1.2359,0.482 ,1.332 ,0.037 ,2.161 ,0.012 ,0.032 ,6.132 ,5.980 ,4.000 ,0.015837176,0.000807236,0.011572618,3.08E-05,0.000429321,325,,4866.7,2874.2
2022/7/21,25, BS2,17.5,1.2234,0.3177376,2.01741914,0.032411797,1.737502571,0.010964193,0.049531543,5.762446055,6.27,,0.015291066,0.000625428,0.012597595,4.08E-05,0.000333683,312.4,,3174,509.5
2022/7/21,25, CL1,15.9,1.2363,0.377049642,1.230764868,0.027022307,2.302118906,0.013193088,0.034717885,6.180774547,5.99,,0.01364121,0.000514038,0.012545791,3.14E-05,0.000479317,323.7,,4479.6,125.3
2022/7/21,25, HS1,21.2,1.2167,0.057 ,2.260 ,0.022 ,1.729 ,0.015 ,0.066 ,5.667 ,6.440 ,4.000 ,0.019136888,0.000587994,0.01373913,4.86E-05,0.000447707,305.6,,1314.9,2229.8
2022/7/21,25, HS2,21,1.2149,0.060104915,2.719209575,0.026248815,1.862662004,0.014094479,0.072236102,6.394945421,6.49,,0.019855908,0.000617097,0.013374653,2.79E-05,0.000463834,346.1,,1058.4,308.5
2022/8/1,26, D01-1,21.7,1.2131,0.13 ,2.73 ,0.03 ,1.20 ,0.01 ,0.05 ,5.19 ,6.79 ,,0.015185879,0.000569847,0.010518964,3.84E-05,0.000326103,288.1,,1504.1,1485.3
2022/8/1,26, D01-2,17.2,1.2148,0.197604499,2.592892517,0.026972404,1.293190702,0.010587248,0.050968145,5.315883,6.75,,0.014865994,0.000585483,0.010387604,3.37E-05,0.000286913,294.2,,3822.9,4262.3
2022/8/1,26, D01-3,15.3,1.2146,0.204868242,2.602244503,0.026972404,1.305492697,0.010390581,0.051165938,5.356923251,6.88,,0.014848703,0.000585825,0.010289547,5.61E-05,0.000210145,296.4,,1966.4,213.3
2022/8/1,26, D01-4,14.1,1.2197,0.341165728,2.310114556,0.027770847,1.433902489,0.010636415,0.049541953,5.462753505,6.77,,0.015053314,0.000624515,0.010566142,2.74E-05,0.00034836,301.8,,3040.9,299.1
2022/8/1,26, D01-5,13.4,1.2338,0.613863007,1.652996165,0.02652328,1.786422547,0.011619751,0.041432438,5.796688574,6.7,,0.014886167,0.000617439,0.012181314,3.68E-05,0.000336909,317,,5595.3,221
2022/8/1,26, D06-1,21.2,1.2145,0.188294632,2.785673923,0.028294825,1.198642255,0.008833633,0.052477618,5.311652046,6.7,,0.014239193,0.000619493,0.009322849,4.04E-05,0.000213532,295.8,,1817.2,148.9
2022/8/1,26, D06-2,19.5,1.2179,0.301266295,2.701201565,0.02802036,1.24994857,0.007702797,0.052352696,5.443883451,6.57,,0.014151297,0.000623031,0.009150786,3.09E-05,0.000168858,304.2,,2026,107.1
2022/8/1,26, D06-3,17.3,1.2345,0.935974198,2.213419369,0.029592295,1.383501337,0.008555021,0.049229648,5.868107071,6.57,,0.013435159,0.000652248,0.009929695,4.91E-05,0.000193533,335.9,,5724,505.5
2022/8/1,26, D06-4,14.6,1.2354,0.954747393,2.16317963,0.029791906,1.433779058,0.008374743,0.049188007,5.937833188,6.55,,0.013386167,0.000652933,0.00973543,2.97E-05,0.000192243,339.1,,6219.8,60
2022/8/1,26, D11-1/2,20.3,1.2102,0.052380794,3.073236621,0.027396577,1.06089282,0.005949181,0.05649594,5.180548896,6.61,,0.014560519,0.000563912,0.01173173,3.37E-05,0.00017047,289.3,,955.3,71.2
2022/8/1,26, D11-3,19.8,1.2108,0.050590435,3.117995661,0.028319776,1.087636289,0.007915853,0.056714553,5.276365893,6.85,,0.014489914,0.000570532,0.009274746,3.50E-05,0.000289977,294.5,,886.5,610.8
2022/8/1,26, BS1,21.7,1.2441,0.473 ,1.042 ,0.036 ,2.371 ,0.014 ,0.049 ,6.215 ,6.300 ,4.000 ,0.020259366,0.000994294,0.013306198,2.88E-05,0.000399646,327.8,,3856.7,340.7
2022/8/1,26, BS2,23.7,1.2349,0.432653082,1.43381171,0.037776336,1.993869574,0.013733922,0.043212575,5.827405297,6.44,,0.017877522,0.00088667,0.0116716,3.83E-05,0.000359004,311.8,,3929.9,607.2
2022/8/1,26, CL1,15.6,1.2302,0.357713762,1.592099512,0.027720944,1.946636495,0.012471975,0.045232147,5.793190985,6.48,,0.01557781,0.000611732,0.011443108,2.80E-05,0.000418838,309.8,,4446.8,6938.8
2022/8/1,26, HS1,25.4,1.2205,0.059 ,1.890 ,0.021 ,1.843 ,0.017 ,0.069 ,5.518 ,6.700 ,4.000 ,0.021721902,0.000695389,0.014222942,2.57E-05,0.000831225,295.1,,1031.5,70.1
2022/8/1,26, HS2,24.4,1.2189,0.059797996,2.020855451,0.022531064,1.774285127,0.015421982,0.068249011,5.519138014,6.74,,0.032560519,0.000677243,0.013431082,3.52E-05,0.000337715,296.4,,1059.7,76
2022/8/11,27, D01-1,23.9,1.213,0.15 ,2.84 ,0.03 ,1.39 ,0.01 ,0.05 ,5.72 ,6.84 ,,0.01078098,0.000365213,0.009213691,2.60E-05,0.000299976,314.7,,1455.5,48.1
2022/8/11,27, D01-2,20.7,1.2138,0.152308412,2.834782724,0.031014522,1.477103477,0.010079191,0.052956486,5.880179392,6.8,,0.010724784,0.000362817,0.008845513,2.58E-05,0.000254819,322.7,,1595,93.1
2022/8/11,27, D01-3,18.3,1.2137,0.16013484,2.762098219,0.030415689,1.471590208,0.010636415,0.051790548,5.80492483,6.78,,0.010649856,0.000358137,0.0086679,3.53E-05,0.000266914,318.4,,1525.8,44.5
2022/8/11,27, D01-4,15.4,1.2147,0.190877864,2.7260387,0.030565397,1.480806418,0.010210303,0.052435978,5.817053564,6.8,,0.010541787,0.000367953,0.008846438,2.45E-05,0.000201597,319.5,,1851.6,222.2
2022/8/11,27, D01-5,13.4,1.24,0.76200244,1.434159691,0.030365787,2.196585065,0.011996696,0.039058922,6.55053169,6.54,,0.01064121,0.00041018,0.009252544,2.94E-05,0.000305298,354.3,,6693,67.8
2022/8/11,27, D06-1,23.2,1.2135,0.167552042,2.875974961,0.032486651,1.42892409,0.008636966,0.053070997,5.845711223,6.35,,0.010282421,0.000387811,0.008993525,2.83E-05,0.000211274,321.8,,1505.7,49.6
2022/8/11,27, D06-2,21,1.2134,0.170186428,2.854574137,0.032736164,1.411972845,0.008505854,0.053070997,5.794093589,6.45,,0.010384726,0.000395458,0.008787234,2.98E-05,0.000177405,319.2,,1562.4,44.5
2022/8/11,27, D06-3,18,1.2339,0.926050493,2.243867696,0.034782175,1.548241103,0.009554746,0.049458672,6.220348066,6.63,,0.009373199,0.000426843,0.009225717,2.42E-05,0.000259979,352.9,,5836.9,72.7
2022/8/11,27, D06-4,15.4,1.2349,0.989096713,2.245868586,0.03413344,1.609915655,0.009505579,0.049552363,6.407074155,6.47,,0.009255043,0.000435859,0.009412581,2.82E-05,0.00015273,363.5,,6097.4,72.1
2022/8/11,27, D11-1/2,22.3,1.211,0.050948507,3.053401711,0.031114327,1.305574985,0.006490016,0.057006038,5.652018165,6.61,,0.010341499,0.000346268,0.008119334,2.68E-05,0.000326587,311.6,,853.8,24
2022/8/11,27, D11-3,20.9,1.2108,0.050718318,3.03922149,0.030515495,1.332976754,0.005637792,0.056641682,5.693791781,6.64,,0.010319885,0.000341703,0.008105458,2.43E-05,0.000223047,313.3,,792.8,30.1
2022/8/11,27, D11-4,20.4,1.2108,0.05092293,3.019125595,0.031563451,1.3674964,0.007588074,0.057578597,5.740642541,6.62,,0.010361671,0.000347752,0.008089732,2.72E-05,0.000274172,315.6,,797.1,29.6
2022/8/11,27, BS1,21.7,1.243,0.530 ,1.107 ,0.040 ,2.585 ,0.012 ,0.032 ,6.801 ,6.210 ,4.000 ,0.015069164,0.000812257,0.013173913,2.94E-05,0.00049109,355.8,,4280.8,71.7
2022/8/11,27, BS2,23.7,1.2324,0.429788507,1.528288518,0.039722541,2.271014195,0.011996696,0.045221736,6.468761459,6.36,,0.013717579,0.000647911,0.011537465,3.39E-05,0.000406903,343.5,,5885.7,11814.5
2022/8/11,27, CL1,15.6,1.2308,0.408892458,1.537988485,0.030740057,2.288335733,0.012570309,0.043306267,6.468338363,6.34,,0.010717579,0.00039386,0.016553191,3.12E-05,0.000381744,342.8,,4679.9,60.8
2022/8/11,27, HS1,25.4,1.2231,0.063 ,1.650 ,0.020 ,2.332 ,0.018 ,0.070 ,6.241 ,6.580 ,4.000 ,0.018275216,0.000498174,0.019456059,5.42E-05,0.000470608,327.3,,1382.8,1199.9
2022/8/11,27, HS2,24.4,1.2205,0.060565293,1.846919986,0.022156794,,,2.15533773,0.069258797,,,0.017247839,0.000480142,0.013542091,2.49E-05,0.000443513,322.2,,1180.9,133.9
