date,batch,Number,Temperature,Density,pH,HCO3,Cl,K,Na,Ca,Mg,SO4,Li,Sr,B,Br,NO3,TDS,B2O3,Rb ug/L,Cs ug/L
2021/8/29,1, D01-1,21.3,1.2127,6.86,552.8,210416,6024,79063,1163,31671,4698,61.27,28.99,72.48,6,20.4,333.78,,,
2021/8/29,1, D01-2,18.9,1.2194,6.78,651.4,208149,12433,65149,1137,38169,4303,63.04,31.09,79.91,4.6,22.3,330.19,,,
2021/8/29,1, D01-3,17.6,1.222,6.72,661.6,202935,14577,59538,1124,39350,4307,65.6,31.36,83.11,4.1,7.9,322.68,,,
2021/8/29,1, D01-4,15.9,1.2349,6.62,717.7,204448,26021,49796,1089,44950,3985,65.94,32.61,83.93,4.9,6,331.2,,,
2021/8/29,1, D01-5,13.8,1.2616,6.2,961,248250,14669,15197,901.9,77906,2377,81.44,25.66,94.99,2.6,13.4,360.48,,,
2021/8/29,1, D01-6,13.3,1.267,5.95,979.2,262670,11223,12407,976.5,84252,2066,86.01,24.48,108,3.4,13.4,374.81,,,
2021/8/29,1, D01-7,12.4,1.2666,5.88,998.4,261998,10193,12254,972,84102,2048,89.38,24.12,107.87,4.3,12.5,372.8,,,
2021/8/29,1, D01-8,12.1,1.2643,5.88,933.7,257190,10587,13100,1010,82017,2142,87.26,24.65,108.71,5.1,12.1,367.22,,,
2021/8/29,1, D06-1,20.3,1.2103,6.91,469.9,212517,4315,84094,1244,29686,4586,60.67,33.11,64.97,7.9,11.1,337.09,,,
2021/8/29,1, D06-2,19.2,1.237,6.6,697,205030,27252,45104,1081,47606,3909,67.01,32.27,86.9,8.8,11.5,330.89,,,
2021/8/29,1, D06-3,17.5,1.2394,6.57,723.8,214531,29478,46070,1103,50355,3890,66.71,32.59,89.85,1.4,8.8,346.35,,,
2021/8/29,1, D11-1,21.3,1.2081,6.95,463.3,209814,1528,85957,1186,27860,4930,62.06,26.64,59.8,7.7,7.6,331.9,,,
2021/8/29,1, D11-2,21,1.2077,6.87,449.1,208188,1459,86808,1160,26829,4847,59.88,25.95,61.35,8.8,7.5,329.9,,,
2021/8/29,1, BS1,21.3,1.2305,6.46,768.8,215653,14198,43330,1835,52337,4442,88.41,52.31,73.63,14.2,21.8,332.81,,,
2021/8/29,1, CL1,16.5,1.2168,6.64,645.4,207231,9194,65193,1527,37898,4573,66.04,31.1,57.1,13.1,22.9,326.45,,,
2021/8/29,1, HS1,20.5,1.1982,6.94,804.2,199743,1396,62987,1565,36981,6362,83.63,30.18,59.2,85,4.7,310.1,,,
2021/9/10,2, D01-1,19.5,1.2163,6.82,598.8,204460,11863,62344,1348,33851,4380,64,38.2,75,13.9,18.05,319.1,241.5,,
2021/9/10,2, D01-2,18.8,1.2176,6.76,615,210474,13930,55291,1273,39010,4174,65.6,34.3,91,20.85,0.03,325,293,,
2021/9/10,2, D01-3,17.6,1.2193,6.74,624.1,210474,14770,55374,1248,38690,4063,64.2,33.5,86.4,15,0.03,325.4,278.2,,
2021/9/10,2, D01-4,16.7,1.2319,6.61,686.8,224505,28770,42801,1226,45750,3815,66.6,36.4,91.8,10,66.45,347.8,295.6,,
2021/9/10,2, D01-5,15.1,1.2418,6.43,1535,237535,28000,26033,1116,59430,3336,73.3,33.4,94.9,4.2,93.85,357.3,305.6,,
2021/9/10,2, D01-6,14.8,1.2454,6.34,1697,242546,21600,19971,1073,66290,2884,76,30.7,96.1,11.45,97.3,356.4,309.4,,
2021/9/10,2, D06-1,20.4,1.2129,6.86,471.9,199449,6054,69141,1266,30360,4328,59.8,34.9,67.4,7.85,10.75,311.3,217,,
2021/9/10,2, D06-2,20.1,1.2316,6.61,577.6,218492,31830,45266,1300,41420,4071,63.2,36.4,79,322.3,0.03,343.5,254.4,,
2021/9/10,2, D06-3,19.1,1.2357,6.55,580.1,222100,35200,46240,1300,41090,4013,63.2,37,90.2,22.9,0.03,350.7,290.4,,
2021/9/10,2, D11-1,20.8,1.2092,6.98,824.4,196643,1643,78047,1291,26180,4492,58.7,28.5,82.8,10.4,0.03,309.3,266.6,,
2021/9/10,2, D11-2,20.4,1.2084,7.01,414.2,196442,1660,77646,1314,26220,4547,59,28.5,68.9,6.15,0.03,308.4,221.9,,
2021/9/10,2, BS1,16.5,1.2345,6.45,757.6,224505,19960,32521,1647,53660,3761,87.4,55.3,109.4,4.4,0.03,337.1,352.3,,
2021/9/10,2, CL1,18.5,1.2225,6.63,673.2,212879,14150,48464,1247,43400,4202,73.3,33.6,94.1,6.15,37.3,325.3,303,,
2021/9/10,2, CL2,18.4,1.2275,6.54,695.9,220897,17100,42370,1189,48420,3865,68.1,31.1,98,23.2,18.3,334.8,315.6,,
2021/9/10,2, HS1,27.5,1.2009,6.99,803.2,188023,1743,50296,1301,38110,5633,87.9,32.3,99,25.25,24.15,286.2,318.8,,
2021/9/20,3, D01-1,19.6,1.2126,6.84,587.7,200852,8063,67427,1273,31350,4538,61.1,34.5,100.4,9.99,0.03,314.3, ,,
2021/9/20,3, D01-2,18.3,1.2164,6.76,598.8,206465,11060,63569,1221,34410,4513,60,34.2,100.2,9.59,0.03,322, ,,
2021/9/20,3, D01-3,17.4,1.2179,6.76,620.6,208068,12780,60245,1206,36170,4452,62.5,34.3,91.7,9.89,0.03,323.7, ,,
2021/9/20,3, D01-4,16.6,1.2268,6.61,678.7,216086,21140,51389,1208,40980,4203,62.5,35.4,116.4,8.39,0.03,335.9, ,,
2021/9/20,3, D01-5,15.9,1.2416,6.49,772.3,232123,29240,35946,1134,52100,3869,69.8,34.4,112.7,11.3,13.6,355.4, ,,
2021/9/20,3, D01-6,15.2,1.2604,6.14,887.6,257379,17390,13147,1043,76300,2712,75.6,29.6,123.3,10.88,37.3,369.1, ,,
2021/9/20,3, D01-7,13,1.2695,5.91,942.3,268204,11090,9807,1150,83580,2278,82.7,27.5,128.8,15.3,40.35,377.3, ,,
2021/9/20,3, D01-8,12.4,1.2687,5.9,944.8,268204,11640,10484,1173,83050,2304,82.4,27.9,133.4,12.24,70.15,378.1, ,,
2021/9/20,3, D06-1,18.9,1.2107,6.96,501.7,198046,4955,74287,1240,27770,4758,55.7,34.4,87.1,9.16,25.5,311.8, ,,
2021/9/20,3, D06-2,17.9,1.2199,6.84,564.4,201854,16800,61506,1218,32140,4618,57.5,35,86.9,9.68,3.75,318.9, ,,
2021/9/20,3, D06-3,17.3,1.2335,6.66,185.1,215686,31590,51354,1206,37540,4400,57.3,35.8,97,10.09,0.03,342.2, ,,
2021/9/20,3, D11-1,18.9,1.2076,7.05,409.7,192032,1604,77928,1348,24770,4962,58.7,29.4,68.9,9.31,7.45,303.2, ,,
2021/9/20,3, D11-2,18.2,1.2075,7.16,415.7,193636,1547,78427,1361,25090,5055,59.3,29.7,67.9,9.13,34.3,305.7, ,,
2021/9/20,3, BS1,17,1.2315,6.56,765.2,218091,16720,29806,1569,54290,4268,88.8,58.1,135.2,12.53,11.6,325.8, ,,
2021/9/20,3, CL1,18,1.219,6.72,652.4,204059,11660,49384,1291,41080,5252,73,35.6,122.3,11.35,0.03,313.6, ,,
2021/9/20,3, HS1,22.6,1.2007,7.08,797.6,186019,1679,49261,1324,38350,6382,87.8,33.9,116.6,11.54,0.03,284.1, ,,
2021/10/1,4, D01-1,18.6,1.2122,6.8,561.9,202906,6710,71081,1201,30379,4325,66.67,29.05,79.44,2.15,1.5,317.3,255.8,,
2021/10/1,4, D01-2,17.3,1.213,6.79,600.1,204149,8689,65964,1246,32799,4322,65.02,31,78.28,15.45,268.2,318.2,252.1,,
2021/10/1,4, D01-3,16.9,1.2156,6.74,614.2,208087,10769,62764,1221,35201,4291,67.06,30.82,81.91,30.25,18.65,323.2,263.7,,
2021/10/1,4, D01-4,17,1.2261,6.72,658.1,216585,19844,54967,1160,39432,3836,68.84,30.27,88.81,25.85,6.4,336.7,286,,
2021/10/1,4, D01-5,15.8,1.2422,6.5,774.9,233995,28654,37506,1125,51811,3357,76.44,30.28,94.46,31.5,37.7,357.5,304.2,,
2021/10/1,4, D01-6,15.6,1.2632,5.98,800.6,267156,18933,10683,895,80145,2205,75.39,26.31,92.14,11.25,76.2,381.1,296.7,,
2021/10/1,4, D01-7,14.8,1.2705,5.9,969.7,280006,11830,9362,1019,87299,1794,90.35,24.01,114.39,11.25,102.3,392.6,368.3,,
2021/10/1,4, D01-8,13.9,1.2715,5.82,962.3,277726,10221,8861,1113,87200,1710,93.29,24.33,120.18,20.55,110.35,388.2,387,,
2021/10/1,4, D06-1,17.7,1.2139,6.93,505.6,202491,5941,71265,1265,30300,4503,64.61,32.05,72.79,55.7,531.25,317,234.4,,
2021/10/1,4, D06-2,16.2,1.2139,6.88,470.8,205600,9177,69586,1295,31246,4607,64.96,32.41,74.88,19.25,62.7,322.2,241.1,,
2021/10/1,4, D06-3,15.8,1.2338,6.56,553.7,221145,36152,49984,1234,38507,4293,64.68,34.37,83.99,16.3,207.4,352.3,270.5,,
2021/10/1,4, D11-1,17.7,1.2092,7.14,410.3,208709,1742,89179,1222,24322,4429,61.17,26.22,64.51,39.55,40.3,330.2,207.7,,
2021/10/1,4, D11-2,17.1,1.2086,7.13,428.5,200626,1723,84711,1219,23911,4379,59.9,25.94,62.57,30,0.65,317.2,201.5,,
2021/10/1,4, BS1,10.3,1.2295,6.58,834.6,221145,12748,39148,1290,51528,3950,98.56,46.57,114.07,20.05,110,331,367.3,,
2021/10/1,4, CL1,14,1.2205,6.54,646.5,210989,13113,55567,1161,39414,4701,71.13,31.3,98.36,11.55,18.95,325.8,316.7,,
2021/10/1,4, HS1,21.5,1.1954,6.89,818,184253,1906,50101,1365,36921,6346,90.9,30.67,101.12,160.6,103.15,282.2,325.6,,
2021/10/11,5, D01-1,16.2,1.2177,6.7,634.9,201465,12978,55757,983,36133,4092,71.34,51.96,116.39,152.95,6.65,312.4,374.79,,
2021/10/11,5, D01-2,16,1.2186,6.7,632.4,203093,13734,56350,935,36141,4011,60.71,52.05,90.98,135.1,7.65,315.2,292.97,,
2021/10/11,5, D01-3,15.9,1.2199,6.7,652.3,204111,14919,53215,977,37767,4046,61.5,52.32,93.33,120.5,3.95,316,300.54,,
2021/10/11,5, D01-4,15.4,1.2304,6.63,712,215303,26203,46636,893,41546,3774,70.78,53.04,96.59,148.75,8.85,335.4,311.03,,
2021/10/11,5, D01-5,16,1.2407,6.45,755.9,228531,29880,34843,838,51141,3436,62.98,51.74,95.43,79.85,20.85,349.7,307.27,,
2021/10/11,5, D01-6,15.4,1.2637,6,920,258445,14601,8992,699,79583,1991,78.47,45.26,116.62,5.8,73.7,365.6,375.52,,
2021/10/11,5, D01-7,14.6,1.2712,5.9,987.1,270248,11946,10527,684,83600,1720,80.97,43.86,119.39,7.95,93.05,380.1,384.42,,
2021/10/11,5, D01-8,12.8,1.2721,5.86,982.2,268213,10749,7586,796,84729,1601,84.04,44.63,122.99,7.95,102.1,375,396.03,,
2021/10/11,5, D06-1,16.2,1.218,6.69,440.1,201058,13100,66236,1027,30463,4600,56.73,54.63,80.35,156.9,16.85,317.3,258.72,,
2021/10/11,5, D06-2,15.9,1.2247,6.74,490.7,207163,24598,61285,979,31596,4447,54.09,54.9,81.44,185.35,12,330.9,262.23,,
2021/10/11,5, D06-3,16.9,1.2339,6.64,522.2,213675,37806,51095,974,35075,4295,51.55,55.02,82.6,148.85,13.6,343.8,265.98,,
2021/10/11,5, D11-1,15.7,1.21,7.02,438.4,192918,1868,77289,967,25410,4779,53.07,47.97,71.63,197.4,12.5,304.1,230.66,,
2021/10/11,5, D11-2,16.2,1.2085,7.03,411.1,192918,1787,78253,964,24920,4767,51.59,47.79,70.94,292.55,21.95,304.5,228.44,,
2021/10/11,5, BS1,8.7,1.2252,6.66,842.9,211233,9739,38787,1153,49410,4261,97.93,38.43,121.7,145.6,30.5,315.9,391.88,,
2021/10/11,5, CL1,15.1,1.2208,6.72,637.4,206756,11592,53202,1040,39770,4438,73.65,25.79,99.75,136.35,30.1,317.8,321.21,,
2021/10/11,5, HS1,18.7,1.2023,7.03,810.6,186813,1417,52128,1118,36904,5527,90.01,25.64,99.89,278.2,57.1,285.3,321.64,,
2021/11/21,6, D01-1,13.1,1.2112,6.82,554.5,198761,7732,67681,1180,30416,4214,66.77,28.82,75.95,23.5,35.35,310.8,,,
2021/11/21,6, D01-2,13.1,1.213,6.84,578.5,200626,8477,65387,1231,32058,4397,69.3,30.53,80.92,53.55,8.25,313,,,
2021/11/21,6, D01-3,13.2,1.2141,6.86,596.8,197310,8837,61963,1227,32611,4340,71.15,30.32,84.1,47.6,2.95,307.1,,,
2021/11/21,6, D01-4,13.4,1.2164,6.89,621.6,207051,10846,64111,1200,34188,4234,70.28,30.34,84.32,68.75,2.05,322.5,,,
2021/11/21,6, D01-5,13.4,1.2322,6.63,716.1,219373,23456,42366,1032,45956,3711,73.73,27.2,300.28,102.55,24.55,337.1,,,
2021/11/21,6, D01-6,12.4,1.2496,6.33,862,237688,21273,22366,938,63361,2871,81.31,24.6,324.96,39.2,34.9,349.9,,,
2021/11/21,6, D01-7,11.9,1.2668,6,939.1,260073,15385,11418,740,78618,2133,89.45,19.86,381.07,9.2,86.3,369.9,,,
2021/11/21,6, D01-8,11.8,1.2679,6.09,1024.4,267363,14936,11601,808,81143,2122,94.98,22.33,119.12,22.05,90.4,379.3,,,
2021/11/21,6, D06-1,13.2,1.2122,6.95,489.8,201248,7840,73486,1131,28175,4156,60.62,30.83,71.87,51.05,21.15,316.8,,,
2021/11/21,6, D06-2,13.4,1.2145,6.89,500.6,197932,11045,66583,1183,29692,4292,63.3,32.21,72.9,85.4,50.75,311.5,,,
2021/11/21,6, D06-3,13.7,1.2275,6.8,512.2,214098,28109,61914,1147,32337,3959,61.9,32.8,69.95,25.25,15.8,342.3,,,
2021/11/21,6, D06-4,14.1,1.2338,6.73,524.6,221559,37841,54804,1172,35648,4023,58.39,38.88,78.55,22.95,18.5,355.8,,,
2021/11/21,6, D11-1,13.6,1.2103,7.07,445.9,201870,1762,78403,1122,27769,4545,62.24,31.36,70.3,161.9,45.3,316.3,,,
2021/11/21,6, D11-2,13.4,1.2074,7.1,438.4,195237,1821,74064,1143,27748,4534,62.32,31.21,65.92,145.8,68.3,305.4,,,
2021/11/21,6, D11-3,12.5,1.2084,7.03,443.4,197932,1860,75921,1137,27679,4495,61.98,31.67,71.68,129.4,32.35,309.8,,,
2021/11/21,6, BS1,8.7,1.2124,6.88,791.5,202077,6101,52994,1206,40029,4914,84.03,33.16,97.89,325.75,58.2,308.7,,,
2021/11/21,6, CL1,12.4,1.2174,6.79,682.9,203320,12366,52721,1092,38603,4497,76,30.67,94.2,208.35,37.45,313.7,,,
2021/11/21,6, HS1,16.1,1.1908,7.17,789,178242,1934,48120,1315,35907,5903,83.89,27.18,94.26,346.05,45.15,272.8,,,
2021/12/2,7, D01-1,6.9,1.2208,6.73,624.9,207163,15686,51214,1256,39420,3949,70.06,30.89,89.89,44.75,0.03,319.5,289.5,,
2021/12/2,7, D01-2,6.7,1.2208,6.75,620.8,206146,15689,52759,1259,38244,3906,68.95,31.05,91.3,13.5,0.03,318.8,294,,
2021/12/2,7, D01-3,7.5,1.2213,6.73,624.9,205128,16202,50439,1295,38924,3865,69.36,31.06,87.11,59.35,13.25,316.7,280.5,,
2021/12/2,7, D01-4,7.7,1.2247,6.73,646.5,209198,19437,47390,1285,40955,3942,70.55,31.07,90.83,12.1,0.03,323.1,292.5,,
2021/12/2,7, D01-5,8,1.238,6.57,712.8,222222,31841,38988,1263,45979,3767,75.98,31.81,99.1,87.3,0.03,345.1,319.1,,
2021/12/2,7, D01-6,7.3,1.2548,6.17,817.2,248270,20998,16117,1028,70282,2724,81.21,26.05,103.47,4.55,32.55,360.5,333.2,,
2021/12/2,7, D01-7,8.4,1.2609,6.04,832.1,254986,19731,15166,979,73458,2494,83.12,24.5,105.79,16.05,10.7,367.9,340.6,,
2021/12/2,7, D06-1,5.9,1.2332,6.57,649,212251,28930,38263,1149,43892,3705,71.3,30.15,93.1,15.95,0.03,329,299.8,,
2021/12/2,7, D06-2,6,1.2353,6.58,652.3,214896,31299,35721,1185,45390,3728,72.38,30.43,95.82,20.9,8,333.1,308.5,,
2021/12/2,7, D06-3,7,1.2369,6.56,658.9,215303,32665,33518,1158,46276,3681,72.66,30,96.82,13.95,0.03,333.5,311.7,,
2021/12/2,7, D06-4,6.9,1.2364,6.54,663.1,215100,32444,34080,1277,45929,3774,73.08,31.37,97.13,45.9,0.03,333.5,312.7,,
2021/12/2,7, D11-1,4,1.2074,6.85,401.1,186813,2221,71029,1180,26265,4396,62.83,27.23,67.12,9.3,0.03,292.5,216.1,,
2021/12/2,7, D11-2,3.6,1.2073,6.91,401.1,187017,2221,76950,1184,23207,4393,62.2,27.57,70.95,66.95,0.03,295.6,228.5,,
2021/12/2,7, D11-3,3.7,1.2074,6.91,401.1,190476,2191,73783,1200,26066,4416,62.78,27.58,65.64,22.25,0.03,298.7,211.4,,
2021/12/2,7, BS1,-5,1.1806,7.21,755.9,162393,1977,43797,1294,32536,5108,81.31,24.71,87.39,16.2,0.03,248.1,281.4,,
2021/12/2,7, CL1,6.8,1.2273,6.62,693.7,203907,15387,42689,1111,42958,3767,77.8,27.86,100.2,62.1,19.85,310.8,322.7,,
2021/12/2,7, CL2,7.6,1.227,6.62,697,208791,15061,43044,1155,44566,3924,74.48,27.56,99.74,19.7,0.03,317.5,321.2,,
2021/12/2,7, HS1,-3.3,1.1802,7.12,776.6,162393,1697,41201,1252,34149,5535,77.08,22.73,94.46,16.35,5.4,247.2,304.2,,
2021/12/11,8, D01-1,2,1.21,6.94,30.1,198509,8668,61000,1105,31634,4504,81.2,32.7,77.7,13.5,35.1,305.7, ,,
2021/12/11,8, D01-2,2.4,1.21,6.95,22.5,204988,9504,64000,1134,33551,4564,84.3,33.6,80,13.7,33.4,318, ,,
2021/12/11,8, D01-3,3,1.21,6.94,45.1,199027,9892,60600,1124,33187,4228,82.3,33,78.9,1.87,32.7,308.3, ,,
2021/12/11,8, D01-4,4.4,1.21,6.9,0,205247,11440,56600,1139,34751,4452,83.1,33.6,80.8,1.95,33.8,313.9, ,,
2021/12/11,8, D01-5,5.2,1.2184,6.65,610,196581,13629,54196,1111,34840,3996,73.08,48.84,120,4.55,50.8,305.3, ,,
2021/12/11,8, D01-6,6.3,1.225,6.63,645.7,208791,19171,45195,1070,42182,3843,72.83,45.76,124.1,7.25,0.03,321.1, ,,
2021/12/11,8, D01-7,8.3,1.2498,6.22,784.1,235653,22212,21273,914,62960,2826,76.9,41.57,133,4.95,56.45,346.9, ,,
2021/12/11,8, D01-8,8.4,1.262,6,831.3,250712,18665,14304,812,72861,2328,82.38,39.2,139,14.7,36.4,360.8, ,,
2021/12/11,8, D06-1,3,1.2352,6.48,653.9,213268,30386,38601,1064,43692,3764,70.46,44.33,135.9,11.25,15.4,331.7, ,,
2021/12/11,8, D06-2,2.9,1.2301,6.58,649,210419,25953,43962,1048,41290,3837,69.76,44.73,134.3,13.8,56.45,327.5, ,,
2021/12/11,8, D06-3,3.5,1.2345,6.51,647.3,213268,30410,33856,1074,46196,3804,70.91,44.59,132.2,8.85,0.03,329.5, ,,
2021/12/11,8, D06-4,4.7,1.2358,6.51,666.4,215710,31787,33028,1060,47052,3793,70.52,44.68,134.6,14.45,42.95,333.4, ,,
2021/12/11,8, D11-1,3.6,1.21,7.11,0,197991,2155,75160,1138,25849,4860,79.8,31.5,68.2,13,31.8,307.4, ,,
2021/12/11,8, D11-2,3.3,1.21,7.19,135,195658,2162,76440,1132,26123,4828,79.3,31.2,68,12.3,31.7,306.7, ,,
2021/12/11,8, D11-3,3.4,1.21,7.2,0,201619,2255,77040,1162,26558,4972,82,32.1,69.7,11.9,32.4,313.8, ,,
2021/12/11,8, BS1,-2.5,1.19,7.38,0,168448,1667,44946,1216,32117,5638,96.7,27.4,89.7,14.7,50.8,254.3, ,,
2021/12/11,8, BS2,-4.6,1.18,7.37,0,177777,1775,49460,1227,32803,5712,101,28.2,91.5,10.8,50.5,269, ,,
2021/12/11,8, CL1,7.4,1.2271,6.55,709.5,211233,15785,41503,1024,46133,4092,76.84,37.76,143.3,5.75,50,320.8, ,,
2021/12/11,8, HS1,-2.3,1.17,7.41,0,168188,1601,42768,1224,33297,5849,99.5,27.9,92.6,14.4,50.8,253.2, ,,
2021/12/20,9, D01-1,3.79,1.21,7.05,37.6,216649,11305,57160,1148,37036,4637,90.9,34.4,86.7,15.1,37.9,328.2, ,,
2021/12/20,9, D01-2,3.97,1.22,6.97,7.51,213540,11987,54920,1175,36864,4577,91.2,35.4,86.7,1.79,36.1,323.3, ,,
2021/12/20,9, D01-3,4.86,1.21,6.94,37.6,216390,13058,54240,1182,37746,4610,89.6,35.1,87,1.95,35.1,327.5, ,,
2021/12/20,9, D01-4,5.72,1.21,6.93,45.1,217168,14884,53440,1202,38977,4515,90.8,36.1,88.3,1.97,35.2,330.5, ,,
2021/12/20,9, D01-5,7.38,1.2337,6.6,685.4,208791,29310,40719,1097,41380,3842,76.15,41.02,139.2,3.05,57.8,326.1, ,,
2021/12/20,9, D01-6,7.11,1.25,6.26,770.8,236467,23075,21424,965,62862,2842,80.78,38.14,144.2,6.25,0.03,348.7, ,,
2021/12/20,9, D01-7,8.63,1.2585,6.09,795.7,239723,20482,16112,885,67551,2452,81.45,36.24,146.5,7.9,40.2,348.3, ,,
2021/12/20,9, D01-8,8.96,1.264,5.99,901.8,254782,17736,13374,798,75071,2362,93.72,32.73,166.3,12.55,31.5,365.4, ,,
2021/12/20,9, D06-1,4.42,1.2348,6.5,672.2,213675,29632,38112,1044,44336,3739,74.04,38.56,139,9.6,73.6,331.5, ,,
2021/12/20,9, D06-2,2.34,1.2281,6.61,672.2,213268,26092,41132,1094,43752,4046,75.73,40.62,141.5,5.2,8.1,330.3, ,,
2021/12/20,9, D06-3,3.7,1.2335,6.59,652.3,216931,29168,38250,1071,45518,3792,75.2,39.25,138.7,4.2,2.75,335.6, ,,
2021/12/20,9, D06-4,4.15,1.2344,6.57,661.4,219373,30107,39644,1023,45348,3756,73.77,38.86,136.1,2.3,60.6,340.2, ,,
2021/12/20,9, D11-1,8.43,1.22,6.93,0,209134,4363,65800,1057,33775,5293,98,29.8,90.3,15.2,35.1,319.7, ,,
2021/12/20,9, D11-2,6.14,1.21,7.01,0,209912,4343,65440,1065,33641,5314,100,30.3,91.7,15.6,33.4,320, ,,
2021/12/20,9, D11-3,6.21,1.21,7,22.5,208616,4304,65400,1031,33602,5334,96.4,29.3,88.8,15.8,34.3,318.6, ,,
2021/12/20,9, BS1,-5.96,1.17,7.3,0,200323,1916,55903,1253,38237,6623,88.8,25.2,83.7,13.3,55.9,304.5, ,,
2021/12/20,9, BS2,-3.33,1.18,7.29,0,200064,1898,56590,1273,37099,6553,90.3,25.7,84.6,13.6,51.7,303.7, ,,
2021/12/20,9, CL1,6.7,1.2232,6.68,691.2,205942,13502,43470,1022,44043,4309,81.88,37.51,138.3,4.15,83.15,313.3, ,,
2021/12/20,9, HS1,0.83,1.15,7.36,0,186847,1700,50745,1249,36874,6380,88.4,25.1,83.9,13.1,49.1,284.1, ,,
2021/12/28,10, D01-1,1.52,1.21,7.02,15,249821,6581,81661,1178,37762,5911,87.2,30.5,79.6,11.2,39.2,383.2, ,,
2021/12/28,10, D01-2,0.97,1.21,6.93,0,253449,8481,78963,1201,38717,5672,88,32,81.2,12.4,37.2,386.7, ,,
2021/12/28,10, D01-3,2.12,1.21,6.87,15,258373,10618,73817,1258,41467,5528,86.2,32.2,80.9,13.5,36.5,391.3, ,,
2021/12/28,10, D01-4,3.31,1.21,6.88,30.1,259927,11973,72022,1283,42816,5499,87.7,32.8,83.9,14.4,36.5,393.8, ,,
2021/12/28,10, D01-5,4.24,1.2308,6.7,651.5,215303,26474,42516,1081,43549,3837,75.71,39.89,138.1,7.95,27,333.7, ,,
2021/12/28,10, D01-6,6.12,1.2478,6.27,762.5,230769,21829,18301,942,62941,2768,76.02,37.31,139.1,4.6,22.35,338.6, ,,
2021/12/28,10, D01-7,7.22,1.2514,6.19,748.4,235653,19301,18456,913,65277,2527,76.87,36.46,139.4,19.65,72.7,343.2, ,,
2021/12/28,10, D01-8,8.03,1.263,6.03,886.8,251526,16941,13366,791,74193,2300,91.75,32.36,157.5,25.1,172,360.5, ,,
2021/12/28,10, D06-1,2.34,1.2345,6.46,641.5,213675,27321,31200,1098,48691,3812,75.1,38.92,143.3,3.8,24.6,326.7, ,,
2021/12/28,10, D06-2,1.78,1.2324,6.52,660.6,205128,27294,38016,1085,42179,3827,76.15,39.67,141.7,4,30.35,318.5, ,,
2021/12/28,10, D06-3,2.39,1.2347,6.57,668,213268,29748,37249,1060,44619,3788,76.39,39.01,139.8,2.85,16.25,330.7, ,,
2021/12/28,10, D06-4,3.15,1.2345,6.58,668,211233,29965,37786,1032,43591,3808,74.99,39,136.5,15.15,38.05,328.4, ,,
2021/12/28,10, D11-1,5.27,1.19,7.08,0,248784,3287,87074,1131,34320,5972,85.2,28.5,76.4,13.1,43.3,380.8, ,,
2021/12/28,10, D11-2,2.05,1.19,7.11,0,246452,3307,87542,1140,34550,6063,86.4,28.8,76.5,12.4,37,379.3, ,,
2021/12/28,10, D11-3,4.23,1.19,7.12,0,250339,3432,88446,1167,35040,6021,89.1,29.5,78.8,12.8,40.3,384.7, ,,
2021/12/28,10, BS1,-5.25,1.19,7.25,0,199805,1854,53068,1299,38083,6816,93.2,26.3,88.5,13.4,48.5,301.2, ,,
2021/12/28,10, BS2,-6.62,1.18,7.28,0,202396,1812,53500,1271,37838,6709,90,25.5,85.9,13.9,47.4,303.8, ,,
2021/12/28,10, CL1,6.43,1.2227,6.69,716.1,205535,13290,47891,1206,41551,4412,82.38,37.65,163.8,8,24.6,314.9, ,,
2021/12/28,10, HS1,-1.67,1.18,7.3,0,197213,1711,50529,1274,37219,7170,89.2,25.3,86.8,15.9,49.8,295.4, ,,
2021/12/28,10, HS2,-3.1,1.18,7.34,0,199286,1701,51472,1258,37680,6878,88.2,25.1,84.4,13.7,20.9,298.5, ,,
2022/1/9,11, D01-1,-1,1.2073,7.03,697.6,196988.213,3659,66097,1050,34595,4789,75.83,26.73,145.09621,1.95,30.2,308.2,467.2,,
2022/1/9,11, D01-2,1.2,1.2109,6.91,626,199023.2152,8061,60598,1110,36246,4492,73.72,29.92,144.9543298,8.15,40.85,310.5,466.8,,
2022/1/9,11, D01-3,2.5,1.2129,6.91,626,201058.2174,9734,61752,1172,33898,4770,78.21,31.99,127.3813751,1.9,43.05,313.3,410.2,,
2022/1/9,11, D01-4,2.8,1.213,6.87,644.1,199430.2156,9546,58627,1131,36853,4438,73.74,30.27,147.6807547,2.75,15.25,310.9,475.5,,
2022/1/9,11, D01-5,5.1,1.2311,6.64,690.2,216320.7339,29474,41559,1128,45645,3839,70.93,32.76,154.628601,4.05,21.15,338.9,497.9,,
2022/1/9,11, D01-6,6.5,1.2514,6.22,773.4,246235.2662,21583,19134,1035,68008,3489,156.8,30.76,241.1626056,6.8,36.7,360.7,776.5,,
2022/1/9,11, D01-7,6.2,1.2607,6,848.3,256410.2772,18166,13923,855.5,75369,3232,169.6,26.43,252.8072021,14.2,60.45,369.3,814,,
2022/1/9,11, D01-8,6.8,1.265,5.94,971.9,262108.2834,15805,11759,779.5,79254,3113,168.2,22.86,257.7135284,4.85,71.25,374.3,829.8,,
2022/1/9,11, D06-1,0.8,1.2312,6.48,700.1,215303.2328,27124,38649,1215,47905,3832,35.35,32.64,163.3027301,5.35,34.8,335,525.8,,
2022/1/9,11, D06-2,0.8,1.2322,6.46,700.1,219373.2372,27991,37370,1158,46882,3758,34.25,32.26,162.4085052,2.7,18.05,337.5,523,,
2022/1/9,11, D06-3,1,1.2325,6.51,700.1,217338.235,27904,36446,1168,47164,3580,17.4,31.81,158.0822679,4.85,25.1,334.5,509,,
2022/1/9,11, D06-4,1.2,1.2327,6.51,699.3,215303.2328,28136,36728,1163,47666,3828,33.03,32.18,161.7832662,7.15,25.1,333.8,520.9,,
2022/1/9,11, D11-1,6,1.2096,6.84,665.5,197802.2138,3557,60240,1043,33566,4813,43.01,25.54,146.6338321,6.8,39.75,301.9,472.2,,
2022/1/9,11, D11-2,6.2,1.2096,6.84,670.4,188848.2042,3473,59680,1030,33941,4736,41.51,25.19,145.100258,7.15,42.95,292.6,467.2,,
2022/1/9,11, D11-3,5.6,1.2097,6.83,668.8,198616.2147,3456,60040,1016,33393,4761,40.22,25.34,201.9234483,5.8,0.03,302.2,650.2,,
2022/1/9,11, BS1,-5.32,1.1583,7.23,733,128815.6393,1497,37125,1217,24796,4900,47.09,20.36,131.1259605,4.45,59.8,199.3,422.2,,
2022/1/9,11, BS2,-0.6,1.1819,7.11,764.3,166463.18,1875,48775,1292,30603,5031,51.08,22.09,110.6023513,4.35,35.9,255,356.1,,
2022/1/9,11, CL1,2.4,1.2147,6.76,724.8,193935.7097,8100,52647,1118,36939,4477,54.81,26.05,146.7039548,1.9,57.65,298.2,472.4,,
2022/1/9,11, HS1,-0.8,1.1647,7.08,751.2,296703.3208,1501,38241,1259,81826,5131,50.81,21.65,138.2254298,7.9,58.35,425.7,445.1,,
2022/1/9,11, HS2,-5.5,1.1244,7.53,579,224257.2424,1150,28634,1000,61915,3729,30.73,15.71,88.03499167,2.25,134.65,321.5,283.5,,
2022/2/21,12, D01-1,1.5,1.2067,6.81,745.4,195152,4836,64715,1031,31927,4585,133.63,29.46,179.1,0.6,32.5,303.4, ,,
2022/2/21,12, D01-2,1.6,1.2087,6.79,708.3,197814,5704,63992,1037,33043,4679,75.99,29.59,186.1,6.08,28.48,307.3, ,,
2022/2/21,12, D01-3,1.7,1.2114,6.75,698,200271,8032,62675,1027,33843,4584,72.89,29.69,188.8,3.54,29.85,311.5, ,,
2022/2/21,12, D01-4,2.8,1.2345,6.67,689,202319,10880,60410,1050,34789,4406,71.25,30.98,183.2,7.28,27.95,314.9, ,,
2022/2/21,12, D01-5,4,1.235,6.33,801,224845,24509,39683,1003,49026,3406,70.64,32.36,186.4,6.26,34.47,343.6, ,,
2022/2/21,12, D01-6,5.3,1.2498,5.95,785,245322,19782,22092,972.1,66576,2338,72.64,32.95,195.9,8.12,40.52,358.2, ,,
2022/2/21,12, D01-7,6.7,1.2606,5.74,936,261090,16059,16665.8,773.7,76137,2219,84.91,26.63,209.6,6.88,78.09,374.3, ,,
2022/2/21,12, D01-8,7.1,1.2368,5.75,978,262319,14547,11402.5,743.6,79856,2287,90.31,23.88,215,11.81,74.64,372.5, ,,
2022/2/21,12, D06-1,-0.8,1.2158,6.59,715,201705,10847,57474,923.2,36214,4318,72.29,30.29,195.2,4.79,33.89,312.5, ,,
2022/2/21,12, D06-2,-0.8,1.2276,6.47,748,215425,24239,38885,964,46445,3882,72.63,32.19,198.3,10.56,30.74,330.9, ,,
2022/2/21,12, D06-3,-0.5,1.2316,6.35,734,219111,27191,38109,960.3,47165,3740,71.76,32.05,199.3,5.38,31.32,337.3, ,,
2022/2/21,12, D11-1,4.2,1.2092,6.81,759,196176,2609,63073,827.8,34191,5139,80.78,28.46,195.7,7.03,46.48,303.1, ,,
2022/2/21,12, D11-2,4.1,1.2087,6.72,698,195766,3266,61878,883.8,34426,5105,81.43,28.59,199.9,8.36,42.46,302.4, ,,
2022/2/21,12, D11-3,4.3,1.209,6.75,701,198224,3223,65511,865.8,33375,5099,80.15,27.89,201.2,6.87,52.94,307.4, ,,
2022/2/21,12, BS1,-4.4,1.178,7.06,736,165459,2599,53270,1332,28480,4975,73.61,21.18,177.7,8.28,48.72,257.2, ,,
2022/2/21,12, BS2,3.9,1.2033,6.99,728,190033,2863,67879,1227,29108,4748,74.75,21.61,180.4,7.34,47.54,296.9, ,,
2022/2/21,12, CL1,-0.2,1.2091,6.77,734,200271,6811,61000,1086,35075,4606,81.99,24.65,187.3,9.74,57.38,309.9, ,,
2022/2/21,12, HS1,-3.7,1.1531,7.22,761,139248,1487,36726,1262,28686,5198,81.99,24.65,187.3,5.74,51.64,213.7, ,,
2022/2/21,12, HS2,-0.8,1.1433,7.3,747,130647,1386,34468,1309,26928,5191,81.99,24.65,187.3,4.88,49.11,201, ,,
2022/3/10,13, D01-1,4.9,1.2077,7.15,738,187985,3726,62933,1140,30753,4560,78,29.67,86.69,0.6,32.5,292.1, ,,
2022/3/10,13, D01-2,3.3,1.2112,6.99,684,198633,7752,60551,1025,34480,4585,78,27.79,87.27,6.1,28.48,307.9, ,,
2022/3/10,13, D01-3,3.4,1.2123,6.94,684,199248,9326,58435,1051,35268,4452,77,28.32,86.15,3.5,29.85,308.7, ,,
2022/3/10,13, D01-4,4.2,1.2178,6.87,694,204367,15175,51894,1098,38642,4442,79,31.08,92.14,7.3,27.95,316.5, ,,
2022/3/10,13, D01-5,5.1,1.2355,6.56,756,223616,26170,30767,1035,52796,3446,81,32.5,95.41,6.3,34.47,338.8, ,,
2022/3/10,13, D01-6,6.1,1.2517,6.16,803,244298,20011,18005,1013,68284,2289,78,33.21,97.82,8.1,40.52,355, ,,
2022/3/10,13, D01-7,7.4,1.261,6.04,978,256995,14799,13859,753.7,76690,2358,99,23.41,122.54,6.9,78.09,366.8, ,,
2022/3/10,13, D01-8,7.8,1.2633,6.01,984,259657,14539,12798,722.7,78250,2293,100,23.12,123.86,11.8,74.64,369.6, ,,
2022/3/10,13, D06-1,3.3,1.2196,6.62,709,204367,18156,47977,1120,39758,4345,82,31.27,99.63,4.8,33.89,316.7, ,,
2022/3/10,13, D06-2,1.8,1.2293,6.63,703,213582,23547,35757,1063,47558,3737,66,21.61,78.38,10.6,30.74,326.2, ,,
2022/3/10,13, D06-3,1.4,1.2305,6.6,717,210510,25718,34569,1072,46454,3729,70,21.92,79.19,5.4,31.32,323, ,,
2022/3/10,13, D11-1,5.2,1.2073,7.05,756,194128,2290,59968,933,35107,5017,77,17.14,74.81,20.6,72.19,298.5, ,,
2022/3/10,13, D11-2,4.8,1.2081,7.04,697,194128,2968,58776,954,35526,5107,79,17.73,76.04,7,46.48,298.4, ,,
2022/3/10,13, D11-3,5,1.2085,7,709,194538,3061,58785,957,35632,5076,78,17.5,82.18,8.4,42.46,299, ,,
2022/3/10,13, BS1,6.4,1.1486,7.45,703,132695,1614,38422,1256,25528,5490,60,13.55,54.6,9.9,58.39,205.9, ,,
2022/3/10,13, BS2,12,1.2009,7.22,708,182251,2952,64810,1249,28154,5390,68,16.54,69.61,8.3,48.72,285.7, ,,
2022/3/10,13, CL1,7.9,1.2112,7.59,737,190033,6298,56204,1024,34418,5139,76,20.1,75.49,7.3,47.54,294.1, ,,
2022/3/10,13, HS1,6.5,1.1331,7.52,674,118770,1469,31803,1200,24246,5190,56,12.03,52.93,9.7,57.38,183.5, ,,
2022/3/10,13, HS2,4.9,1.1437,7.48,705,128600,1387,35572,1245,25736,5598,59,13.51,55.45,5.7,51.64,199, ,,
2022/3/10,13, HS3,10,1.1083,7.8,621,93788,1079,23044,929,20296,4121,43,7.59,37.74,4.9,49.11,144, ,,
2022/3/20,14, D01-1,7.9,1.2082,6.96,710,197777.0343,3695,73260,1018,30837,4309,94.14,29.3,77.64,5.31,55.99,311.9,,,
2022/3/20,14, D01-2,4.3,1.2099,6.95,701,187206,5943,65761,1013,32375,4142,88.74,28.98,81.27,6.34,12.65,297.4,,,
2022/3/20,14, D01-3,3.8,1.2123,6.86,688,197573,8380,61995,1032,34136,4160,91.2,30.62,82.71,3.55,31.39,308.2,,,
2022/3/20,14, D01-4,3.7,1.2138,6.83,685,199481,9841,60495,1052,35648,4163,92.44,31.46,84.44,21.56,35.41,311.6,,,
2022/3/20,14, D01-5,4.7,1.2205,6.71,708,210161,15134,51574,1040,40493,3818,90.19,31.79,88.83,18.89,40.65,323.2,,,
2022/3/20,14, D01-6,4.7,1.2608,5.99,938,256626,17017,13040,833.4,77328,1775,101,27.64,106.47,20.8,75.25,367.9,,,
2022/3/20,14, D01-7,5.4,1.2647,5.9,985,253381,14093,11341,788.6,76633,1732,102.1,24.08,115.59,1.89,82.38,359.3,,,
2022/3/20,14, D01-8,7.6,1.2655,5.9,999,260283,14346,11010,796.8,79095,1743,104.5,23.87,117.2,4.78,89.99,368.6,,,
2022/3/20,14, D06-1,6.7,1.211,6.95,697,194967,6465,61674,1028,32327,4179,87.06,26.73,79.32,18.63,41.77,301.6,,,
2022/3/20,14, D06-2,3.7,1.233,6.52,764,217124,25932,34874,1032,47661,3358,84.84,28.83,92.32,8.17,38.31,331,,,
2022/3/20,14, D06-3,3.3,1.2337,6.52,774,216066,26462,33266,1056,47144,3280,83.61,28.42,93.03,11.25,59.96,328.3,,,
2022/3/20,14, D11-1,5.9,1.2091,6.93,734,191808,2275,62277,957,33939,4571,90.61,25.25,84.68,6.34,74.95,296.8,,,
2022/3/20,14, D11-2,5.2,1.2088,6.98,735,191946,1897,66399,1005,30802,4735,97.29,31.66,89.05,7.15,57.29,297.8,,,
2022/3/20,14, D11-3,5,1.2088,6.97,714,193653,1893,64097,989,32745,4793,97.51,30.95,92.5,17.26,42.21,299.2,,,
2022/3/20,14, BS1,9.5,1.1856,7.13,687,166475,2922,56471,1404,27015,5179,81.5,29.67,83.15,10.15,14.63,260.4,,,
2022/3/20,14, BS2,13.4,1.2092,6.99,720,190695,3034,67189,1361,28899,5135,87.36,30.92,83.28,11.97,56.85,297.3,,,
2022/3/20,14, CL1,11.3,1.2133,6.88,713,195110,6356,58218,1192,34112,4866,93.21,33.65,95.55,10.59,58.12,300.9,,,
2022/3/20,14, HS1,10.3,1.1435,7.35,671,123678,1309,35455,1478,24035,5443,69.08,26.76,70.6,17.28,54.61,192.3,,,
2022/3/20,14, HS2,9.3,1.1421,7.37,674,126702,1340,34106,1477,24688,5535,70.81,26.56,74.72,18.75,49.02,194.8,,,
2022/3/20,14, HS3,8.6,1.1256,7.5,649,110349,1212,27907,1276,23205,4804,66.32,23.75,68.74,24.19,34.42,169.6,,,
2022/3/30,15, D01-1,6.2,1.2071,7.01,675,203950,3472,74751,1172,31134,5183,74.37,30.61,85.27,6.59,34.66,320.6,,1113,251.3
2022/3/30,15, D01-2,4.6,1.2092,6.93,671,198836,5213,68508,1138,32675,5092,76.21,30.57,85.87,2.91,30.56,312.4,,1707,279.3
2022/3/30,15, D01-3,4.2,1.2103,6.9,671,193034,6074,63470,1102,33402,5215,76.57,30.08,86.77,2.4,34.11,303.2,,1540,212.5
2022/3/30,15, D01-4,4,1.2108,6.86,667,199135,6627,65543,1169,34344,5172,79.15,30.89,88.8,1.32,37.91,312.9,,1530,63.74
2022/3/30,15, D01-5,4.6,1.2323,6.57,733,217424,26778,52190,1170,47423,4094,78.58,35.99,94.52,8.96,41.63,350.1,,5784,298.6
2022/3/30,15, D06-1,5.9,1.2089,6.98,642,244315,6002,85758,1369,39294,6281,97.24,41.55,105.6,4.54,47,384,,1382,92.97
2022/3/30,15, D06-2,4.8,1.2087,6.85,640,197590,4773,69849,1119,31574,5215,77.69,33.39,86.47,4.11,41.29,311,,1281,294
2022/3/30,15, D06-3,4.4,1.2243,6.57,698,209656,18663,57076,1120,42307,4540,80.21,33.93,92.6,4.5,25.87,334.3,,4160,238.9
2022/3/30,15, D11-1,5.8,1.2082,6.91,691,197701,1877,66818,1031,33320,5405,88.96,29.61,98.49,1.77,48.83,307.1,,1694,344.3
2022/3/30,15, D11-2,5.2,1.208,6.92,690,194973,1955,64483,1025,33639,5452,92.26,29.94,109.1,10.14,34.83,302.5,,892.5,58.72
2022/3/30,15, D11-3,5.1,1.2052,6.91,694,197556,1883,65623,1031,33961,5611,91.34,29.91,108.57,1.29,48.13,306.6,,711.9,38.03
2022/3/30,15, BS11,6.5,1.1984,6.92,657,187775,3095,70561,1532,27721,5769,75.55,30.3,80.33,0.94,48.04,297.3,,755.2,27.77
2022/3/30,15, BS2,7.3,1.2075,6.88,697,194227,2919,72791,1372,28865,5805,77.43,29.87,80.07,4.54,42.37,306.9,,828.4,79.48
2022/3/30,15, CL1,8.2,1.2127,6.79,707,200179,6009,65185,1127,34993,5488,87.77,32.58,92.04,9.22,45.22,314,,1448,55.14
2022/3/30,15, HS1,5.6,1.1429,7.31,631,127841,1234,39662,1649,23527,6159,68.48,26.65,73.49,14.76,45.39,200.9,,483.5,16.99
2022/3/30,15, HS3,5.6,1.1203,7.51,640,111612,994,31489,1312,22328,5540,64.69,22.45,65.19,13.13,47.04,174.1,,446,24.75
2022/4/10,16, D01-1,7.5,1.2083,7.13,641,203416,3523,73325,1184,30609,5051,67.72,29.35,86.33,3.75,24.63,318,,846,34.2
2022/4/10,16, D01-2,5.2,1.2116,6.98,701,187206,6858,52602,1159,34947,4868,69.97,29.9,88.93,25.89,35.1,288.6,,1632,128.6
2022/4/10,16, D01-3,5,1.2134,6.95,664,203553,8945,59743,1133,36199,5090,70.44,31.47,95.47,0.53,20.49,315.5,,1887,87.5
2022/4/10,16, D01-4,4.8,1.2189,6.91,514,206717,14301,53185,1168,38895,4585,70.12,33.3,89.99,0.78,33.4,319.6,,3423,1081.76
2022/4/10,16, D01-5,4.9,1.2292,6.74,696,218393,23421,43170,1163,45311,4219,69.43,34.49,99.55,1.46,25.51,336.6,,4851,102.3
2022/4/10,16, D06-1,6.8,1.2104,7.03,670,195737,4909,65741,1104,31617,5086,67.22,31.92,87.01,2.86,27.85,305.1,,1094,39.5
2022/4/10,16, D06-2,5.6,1.2348,6.62,754,223760,26537,37282,1125,49302,4124,70.03,33.16,98.89,6.54,33.84,343.1,,5642,47.3
2022/4/10,16, D06-3,4.9,1.2354,6.63,749,225653,27044,37193,1140,49830,4111,69.69,33.54,101.28,12.62,70.68,346,,5633,34.1
2022/4/10,16, D11-1,6.6,1.2096,6.94,587,193298,1945,61771,1047,33879,5343,84.92,21.71,100.11,71.07,12.34,298.2,,906.1,104.78
2022/4/10,16, D11-2,5.7,1.21,6.89,710,198211,2990,61251,1263,35397,5319,88.1,22.93,99.83,6.85,36.15,305.4,,958.2,71.63
2022/4/10,16, D11-3,5.3,1.2102,6.91,675,192433,2922,59733,1035,34346,5203,82.31,22.22,97.98,0.86,442.27,297,,873.4,17.1
2022/4/10,16, BS11,9.6,1.1769,7.14,656,157664,1949,53898,1583,25621,5797,66.3,21.73,78.22,1.43,0.025,247.3,,611.1,12.73
2022/4/10,16, BS2,10.9,1.2072,7.06,523,189026,2908,68419,1479,28370,5628,70.14,23.39,59.56,4.52,46.08,296.6,,788,42.32
2022/4/10,16, CL1,11,1.2136,6.9,676,196246,5909,59647,1157,34692,5188,79.45,24.66,96.26,1.16,295.51,304,,1395.6,13.77
2022/4/10,16, HS1,11.6,1.1389,7.43,623,120516,1041,35369,1545,22956,5704,59.61,19.03,74.5,2.9,34.95,187.9,,450.7,9.68
2022/4/10,16, HS21,16.1,1.1443,7.42,676,126692.86,1087.254783,37586,1538.24033,23923,5801,61.64,18.68,73.02,88.97,31.65,197.6,,501.28,21.88901951
2022/4/10,16, HS3,9.8,1.1248,7.57,502,109901.65,970.7423376,29753,1411.130461,22275,5375.05,58.18,16.49,68.61,4.53,1.72,170.3,,440.42,24.9822185
2022/5/1,17, D01-1,8.9,1.2083,7.27,638,200984,3414,66932,1144,29487,4706,65.44,29.59,83.62,2.17,40.64,307.5,,808.77,27.82
2022/5/1,17, D01-2,6.7,1.2128,7.09,666,209291,8647,58273,1129,35169,4652,69.01,31.26,96.7,6.55,35.76,318.1,,1801.27,787.39
2022/5/1,17, D01-3,6.4,1.2133,7,683,195382,8926,53697,1100,33049,4321,64.56,29.96,97.32,3.13,48.38,297.4,,2029.79,516.77
2022/5/1,17, D01-4,6.1,1.2171,6.92,702,205536,13022,51426,1153,36763,4374,67.03,33.28,91,4.03,34.42,313.2,,2325.5,44.38
2022/5/1,17, D01-5,5.2,1.234,6.63,633,226148,24731,33766,1147,50200,3609,67.4,34.68,98.23,2.51,32.73,340.5,,5611.57,62.4
2022/5/1,17, D06-1,8.9,1.2105,6.93,601,196327,4703,63311,252,30004,4773,62,31.5,84.5,2.97,40.36,300.2,,1100.51,71.38
2022/5/1,17, D06-2,8,1.2203,6.48,534,210173,17555,50815,1120,36221,4387,60.88,33,91.27,3.38,28.97,321,,3476.98,59.04
2022/5/1,17, D06-3,6.8,1.2324,6.45,706,220664,29149,38310,1138,44601,4065,64.17,33.03,95.03,2.42,36.17,338.9,,4911.41,40.79
2022/5/1,17, D11-1,9.8,1.2102,6.96,667,200703,2030,62914,1032,32977,5032,70.06,28.71,108.06,4.02,57.41,305.6,,678.68,9.33
2022/5/1,17, D11-2,7.2,1.2095,6.95,600,201831,2987,59293,1026,34169,5024,72.12,29.97,139.43,3.23,42.73,305.2,,890.6,12.12
2022/5/1,17, D11-3,6.6,1.2094,6.9,599,200785,3127,59327,1025,34905,5058,72.11,29.87,163.69,3.32,43.62,305.1,,914.28,27.19
2022/5/1,17, D11-4,6.6,1.2093,6.91,556,202492,3063,59300,1058,34154,5081,71.75,29.93,93.95,6.66,41.32,305.9,,906.12,8.86
2022/5/1,17, BS1,11.3,1.193,7.15,700,183902,2381,58941,1353,29164,5561,55.44,17.94,61.2,2.39,46.96,282.2,,762.24,41.38
2022/5/1,17, BS2,13.7,1.2102,7.05,713,203425,3263,64736,1039,31275,4848,59.73,19.4,82.77,26.55,31.4,309.5,,905.63,38.55
2022/5/1,17, CL1,13.3,1.2138,7.01,684,206368,6206,59820,919,35476,4849,62.25,18.31,78.3,3.53,51,314.5,,1436.42,38.47
2022/5/1,17, HS1,17.2,1.1478,7.42,670,134963,1017,36077,1494,25120,5832,47.16,14.35,74.27,3.77,52.13,205.4,,1508.97,3708.82
2022/5/1,17, HS2,19.8,1.2089,7.07,668,199604,1471,66314,921,29941,4916,58.09,15.45,66.66,2.04,18.18,304,,683.56,169.78
2022/5/1,17, HS3,12.3,1.0519,8.06,697,43974,304,11566,397,9231,2065,12.55,0,11.77,2.1,23.09,68.3,,214.93,36.29
2022/5/12,18, D01-1,19.54,1.2081,6.99,645,187766,4064,68324,1209,31867,5045,66.89,29.38,92.36,4.01,43.15,299.2,,1217,65.63
2022/5/12,18, D01-2,17.3,1.2112,6.92,661,192765,9276,58679,1184,36730,4787,69.58,31.28,91.29,4.06,39.4,304.3,,1738,22.06
2022/5/12,18, D01-3,14.02,1.2141,6.89,666,194920,12467,52434,1214,38436,4813,68.56,32.92,97.86,3.05,41.28,305.2,,2293,32.65
2022/5/12,18, D01-4,13.87,1.2258,6.67,705,202390,21515,40658,1187,45293,4087,68.84,34.21,102.49,6.12,37.11,316.1,,4013,215.32
2022/5/12,18, D01-5,12.52,1.2522,6.31,903,230330,17595,16022,1032,65224,2506,77.81,29.46,111.08,9.68,49.41,333.9,,6359,76.05
2022/5/12,18, D01-6,19.51,1.2405,6.38,840,223029,14298,21821,1054,60812,3111,78.07,28.64,113.65,9.27,63.72,325.3,,4312,56.65
2022/5/12,18, D01-7,17.06,1.2629,6.02,888,246668,12932,10632,966,75102,2225,85.58,24.9,128.03,9.55,84.02,349.8,,4787,59.99
2022/5/12,18, D01-8,15.29,1.265,5.95,965,242039,11717,9576,949,74419,2015,85.84,23.69,123.21,8.85,91.87,342,,4610,182.49
2022/5/12,18, D06-1,20.35,1.2095,6.6,504,185641,4339,68310,1321,30675,4998,65.16,32.56,115.07,3.17,29.41,296,,1121,157.75
2022/5/12,18, D06-2,19.88,1.2258,6.53,566,201466,24569,44626,1134,39605,4362,61.96,33.91,97.5,5.53,38.18,316.6,,4797,55.5
2022/5/12,18, D06-3,19.58,1.2289,6.51,694,203446,25838,41320,1333,43469,4164,64.95,33.59,97.66,5.46,37.19,320.5,,4880,39.53
2022/5/12,18, D11-1,19.22,1.2085,6.8,673,178223,2386,65113,1095,26724,5140,81.46,28.27,119.03,5.43,49.13,279.6,,695,14.9
2022/5/12,18, D11-2,20.68,1.2081,6.89,636,183209,1966,65934,1098,28109,5194,83.84,28.25,99.19,5.19,47.56,286.4,,687,14.42
2022/5/12,18, D11-3,17.83,1.2075,6.89,567,180000,2003,65945,1096,26986,5219,83.11,28.56,98.92,7.18,46.46,282.1,,705,132.27
2022/5/12,18, BS1,14.87,1.2112,6.96,625,187040,4310,65602,1222,33667,5177,78.71,34.91,100.77,2.09,49.66,297.9,,1016,19.99
2022/5/12,18, BS2,13.39,1.2114,6.95,768,176666,3911,59331,1133,32952,5019,77.32,33.48,96.08,3.02,53.9,280,,1007,129.09
2022/5/12,18, CL1,11.8,1.1966,7.07,761,169188,2735,63007,1396,30483,5559,71.96,31.98,88.25,5.24,49.06,273.4,,778,46.25
2022/5/12,18, HS1,19.02,1.1638,7.16,416,140147,979,48421,1714,26605,6632,64.56,28.07,79.28,4.95,44.24,225.1,,545,43.94
2022/5/12,18, HS2,17.8,1.2116,6.84,872,187894,2004,57258,994,40355,5918,100.46,36,120.9,5.92,63.66,295.6,,779,22.57
2022/5/12,18, HS3,15.11,1.1333,7.44,547,117914,955,34790,1603,24737,6237,59.42,26.26,91.76,3.74,40.24,187,,466,17.85
2022/5/23,19, D01-1,20.8,1.2114,6.87,632,197478,6575,60932,1141,33018,5933,68.13,29.78,89.93,4.37,66.72,306,,707.6,21.81
2022/5/23,19, D01-2,20.81,1.2129,6.9,651,194757,8979,57164,1100,34248,5782,68.68,30.59,99.76,7.35,51.74,302.9,,1968,101.22
2022/5/23,19, D01-3,19.54,1.2154,6.89,673,200034,11372,54833,1136,35989,5698,69.11,32.07,99.27,8.66,39.8,310,,2218,24.4
2022/5/23,19, D01-4,18.45,1.2274,6.65,801,210055,18574,37977,1105,45871,5049,74.86,32.46,98.77,9.08,47.05,319.7,,4265,1808
2022/5/23,19, D01-5,19.82,1.2432,6.36,946,231228,13829,20563,972,63623,4008,80.48,27.8,110.06,9.72,51.81,335.5,,4553,832.6
2022/5/23,19, D01-6,20,1.2347,6.42,814,219457,12049,27753,1006,57285,4520,79.64,27.99,105.77,10.54,68.33,323.2,,3517,53.85
2022/5/23,19, D01-7,17.97,1.2415,6.34,952,228023,13467,22692,997,61589,4269,81.4,27.64,109.22,9.72,71.77,332.3,,3864,46.43
2022/5/23,19, D01-8,20.36,1.24,6.34,864,227999,11334,22063,986.3,61074,4253,80.04,26.83,111.7,11.19,74.69,328.9,,3696,525.92
2022/5/23,19, D06-1,18.36,1.2132,6.6,460,191580,7199,62655,1073,32655,5803,67.2,47.44,93.33,4.87,22.33,301.7,,1385,72.38
2022/5/23,19, D06-2,13.94,1.2283,6.58,618,206407,21720,42826,1077,43911,5189,68.71,48.28,102.85,5.86,32.42,322,,4171,29.47
2022/5/23,19, D06-3,12.74,1.2283,6.59,531,204305,22158,43145,1077,44022,5172,69.5,48.35,110.2,7.13,37.23,320.7,,4183,36.81
2022/5/23,19, D11-1,12.2,1.21,6.92,602,192674,2467,64298,1115,33329,6352,75.1,43.92,105.55,4.94,48.71,301.1,,706.5,17.63
2022/5/23,19, D11-2,19.44,1.2096,7,511,192472,2182,64712,1019,33332,6378,74.32,43.46,101.09,5.33,39.67,300.9,,660.6,1.82
2022/5/23,19, D11-3,16.83,1.2095,7,629,189894,2254,64985,1221,33507,6403,76.91,47.49,106.54,11.06,42.48,299.2,,1488,1943
2022/5/23,19, BS1,14.97,1.2146,6.82,815,194334,4550,56767,1095,38554,6396,81.59,53.48,115.36,3.31,57.94,302.8,,1136,47.86
2022/5/23,19, BS2,20.08,1.2146,6.85,844,194635,4579,55823,1059,38329,6498,81.55,53.24,113.03,3.14,63.3,302.1,,1082,15.47
2022/5/23,19, CL1,20.24,1.2148,6.85,655,193645,7020,59304,1085,36051,6419,70.27,48.3,104.26,1.89,48.12,304.5,,1505,11.25
2022/5/23,19, HS1,19.01,1.21,6.9,687,188869,1876,64459,1044,32470,6797,72.05,47.4,103.23,0.92,52.65,296.5,,717.4,11.12
2022/5/23,19, HS21,18.62,1.1859,7.09,717,165040,2476,51057,1374,31426,7274,69.87,48.55,101.85,0.75,43.75,259.6,,1369,382.7
2022/5/23,19, HS3,17.95,1.1853,7.05,775,148975,1521,42656,1166,30257,6971,67.33,44.78,103.96,1.51,48.52,232.6,,1259,280.4
2022/6/22,20, D01-1,19.5,1.2098,6.84,576,193174,3895,69795,1182,31982,8139,83.85,30.58,96.74,6.52,44.2,309.01,,1025,51.78
2022/6/22,20, D01-2,16.7,1.2108,6.82,444,197126,5851,65227,1170,33541,8091,75.05,31.58,90.26,2.9,41.68,311.69,,1179,35.85
2022/6/22,20, D01-3,13.9,1.2126,6.77,621,198824,8257,60604,1138,35102,7869,78.6,32.24,97.09,7.06,40.26,312.67,,1918,52.24
2022/6/22,20, D01-4,12.9,1.2171,6.75,504,199950,13805,53872,1151,38541,7671,74.25,35,102.67,8.35,29.33,315.75,,2697,47.15
2022/6/22,20, D01-5,11.7,1.2337,6.56,736,218180,28947,36171,1140,49958,6903,75.2,36.26,117.62,4.93,46.83,342.32,,5655,59.28
2022/6/22,20, D06-1,19.1,1.2152,6.69,576,198093,11495,60752,1190,35538,8070,72.72,35.41,95.94,4.33,39.73,315.96,,2215,36.96
2022/6/22,20, D06-2,16.9,1.2159,6.63,537,202199,12951,59986,1244,36009,8167,72.67,35.93,95.72,3.27,26.7,321.33,,2423,58.43
2022/6/22,20, D06-3,14.5,1.2293,6.55,559,210044,31357,49828,1230,39322,7841,66.48,37.3,90.23,5.71,24.62,340.41,,5652,325.16
2022/6/22,20, D11-1,19.7,1.2091,6.86,601,190507,1777,68584,1140,31787,7465,71.68,18.38,94.99,2.8,53.35,302.1,,741.7,31.78
2022/6/22,20, D11-2,19.4,1.2089,6.98,605,188493,1799,68430,1166,32105,7419,72.46,18.7,91,3.49,51.92,300.26,,724.5,30.28
2022/6/22,20, D11-3,19.1,1.2087,6.91,515,188015,1801,68947,1141,32111,7296,71.2,18.49,105.77,3.49,47.04,300.07,,692.8,28.6
2022/6/22,20, BS1,18,1.2192,6.7,811,200547,7205,51565,1314,43448,7999,92.33,35.26,160.54,2.66,51.05,313.23,,1827,148.94
2022/6/22,20, BS2,20.9,1.2166,6.75,770,195176,5705,55991,1284,39971,7906,87.82,32.21,119.26,2.23,55.14,307.1,,1343,33.92
2022/6/22,20, CL1,20.8,1.2152,6.81,532,194054,8379,61662,1160,35936,7312,69.36,24.23,135.82,2.88,41.75,309.31,,1878,20.93
2022/6/22,20, HS1,25.3,1.2019,6.96,747,182437,1644,59596,1221,34374,8337,80.11,25.97,105.76,2.92,41.87,288.61,,726.1,22.53
2022/6/22,20, HS21,25.8,1.2054,6.93,759,184645,1679,60131,1293,35117,8394,81.32,26.36,106.52,3.2,49.65,292.28,,764,33.24
2022/6/24,21, D01-1,21.3,1.2091,6.78,573,194774,4022,64791,1228,32064,5551,69.47,29.86,100.06,4.19,41.65,303.2,,1262,38.24
2022/6/24,21, D01-2,15.6,1.2126,6.69,634,201635,9249,57442,1181,36588,5059,69.15,32.53,98.25,0,0,312,,2788,160.3
2022/6/24,21, D01-3,12.5,1.2139,6.75,640,201658,10700,54315,1164,37760,4851,68.02,32.58,101.45,2.19,38.06,311.3,,2556,45.5
2022/6/24,21, D01-4,11.2,1.2187,6.72,493,205868,16632,46978,1197,41125,4635,69.9,35.37,100.76,5.4,32.52,317.2,,4708,952.9
2022/6/24,21, D01-5,9.9,1.2346,6.46,741,219831,26288,29089,1143,52238,3803,69.55,34.73,103.27,2.8,22.06,333.4,,7292,65.9
2022/6/24,21, D06-1,20.6,1.2156,6.59,542,196466,10805,55330,1213,35436,5194,66,34.07,87.23,2.33,24.21,305.2,,2339,18.27
2022/6/24,21, D06-2,17.1,1.222,6.5,517,206427,21220,52168,1190,37236,4930,63.1,35.25,98.45,3.05,10.62,323.9,,4769,28.24
2022/6/24,21, D06-3,13.9,1.2299,6.53,475,211054,32928,44244,1229,39283,4764,58.79,36.05,86.79,3.23,36.95,334.2,,6847,113.6
2022/6/24,21, D06-4,11.9,1.2294,6.51,547,213337,32327,46067,1240,39301,4785,59.77,36.26,87.02,2.32,44.62,337.8,,7571,93.75
2022/6/24,21, D11-1,20.4,1.2094,6.64,595,190645,1767,62563,1116,32518,5295,73.54,27.72,89.18,0,35.5,294.7,,1041,76.38
2022/6/24,21, D11-2,20,1.2086,6.68,602,190199,1722,62340,1103,32526,5363,72.74,27.48,91.13,2.06,9.81,294.1,,1072,295
2022/6/24,21, D11-3,20.1,1.2085,6.77,598,188492,1682,60966,1105,32676,5353,73.25,27.36,92.8,0,0.025,291.1,,1384,545.2
2022/6/24,21, BS1,22,1.2194,6.54,815,187762,3491,64234,1341,30016,5233,68.12,45.47,94.8,2.26,10.82,293.1,,2220,174.8
2022/6/24,21, BS2,21.9,1.2156,6.63,808,200731,5680,53230,1391,39677,5696,88.14,52.14,119.53,3.53,13.76,307.5,,2046,281.3
2022/6/24,21, CL1,18.7,1.217,6.59,684,198348,9782,51435,1232,38353,4654,70.76,44.33,106.9,0,37.33,304.8,,3466,87.48
2022/6/24,21, HS1,21.3,1.2085,6.74,748,192231,1699,60130,1262,34465,5866,82.81,46.72,111.4,1.98,41.25,296.7,,958.9,37.27
2022/6/24,21, HS21,18.4,1.1935,6.84,698,174212,1684,50701,1491,33240,6303,78,46,107.96,2.53,49.73,268.6,,949.3,36.89
2022/6/26,22, D01-1,19.5,1.2105,7.03,570,198186,3860,68087,1215,31518,5458,69.05,29.75,91.75,1.94,32.11,309.1,,874,28.68
2022/6/26,22, D01-2,16.3,1.2111,7.08,474,196949,5568,62837,1209,33286,5306,69.54,30.93,95.52,2.38,29.3,305.9,,1207,19.4
2022/6/26,22, D01-3,14,1.2121,7.01,605,196725,6617,61614,1191,33560,5292,69.36,30.89,93.19,2.36,30.23,305.8,,1467,23.56
2022/6/26,22, D01-4,11.8,1.2175,6.96,651,200731,12335,52259,1158,38064,4947,68.97,33.65,115.34,2.07,27.69,310.4,,2334,23.24
2022/6/26,22, D01-5,9.9,1.2355,6.76,780,218332,27426,32106,1164,49885,4277,70.96,34.84,101.91,2.37,33.93,334.2,,5784,61
2022/6/26,22, D01-6,10.6,1.2625,6.28,973,253644,14239,11031,970,76933,2419,87.29,26.67,123.74,2.53,57.87,360.5,,5038,56.4
2022/6/26,22, D06-1,20.1,1.2158,6.89,614,198528,10082,58904,1196,34594,5517,66.74,33.95,95.33,1.97,28.85,309.7,,1820,18.07
2022/6/26,22, D06-2,17.5,1.2185,6.89,472,202766,13745,57190,1262,35695,5334,67.35,34.53,95.38,2.3,21.53,316.7,,2651,86.96
2022/6/26,22, D06-3,14,1.227,6.92,592,209527,26241,50775,1167,37359,4409,62.64,35.34,89.76,2.56,27.16,330.3,,4536,37.5
2022/6/26,22, D06-4,12.1,1.2264,6.87,649,205221,25830,49239,1164,36834,4408,62.7,35.29,88.54,2.3,27.94,323.6,,4467,165.13
2022/6/26,22, D11-1,20.2,1.2118,7.04,623,195038,1899,64512,1095,33097,5792,75.71,27.95,93.48,2.23,44.94,302.3,,728,13.25
2022/6/26,22, D11-2,19.7,1.2105,7.08,652,193588,1683,64109,1126,32785,5461,75.01,27.3,93.22,2.03,37.27,299.6,,680,14.32
2022/6/26,22, D11-3,19.7,1.2102,7.07,637,196311,1713,65957,1075,32761,5460,75.44,27.69,94.87,2.01,40.98,304.2,,645,17.24
2022/6/26,22, BS1,17.1,1.209,6.8,786,203307,6624,48515,1198,42714,5084,83.88,37.58,111.01,2.23,51.71,308.5,,1611,33.12
2022/6/26,22, BS2,18.4,1.217,6.83,781,195894,5796,50045,1144,39668,5151,80.82,35.13,104.55,2.42,46,298.7,,1326,75.82
2022/6/26,22, CL1,17.4,1.2215,6.76,700,201135,12273,44675,1032,42119,4220,64.7,28.6,95.59,2.44,42.99,306.4,,3313,33.19
2022/6/26,22, HS1,25.7,1.2105,7,770,189946,1650,55224,1067,36291,5384,77.81,31.2,103.46,1.98,69.64,290.6,,758,21.95
2022/6/26,22, HS2,21.4,1.2105,6.96,678,193700,2121,59945,1120,34896,5427,75.25,29.81,99.41,2.02,59.52,298.2,,873,38.96
2022/6/28,23, D01-1,19.9,1.2104,6.87,383,200826,3908,70298,1213,31166,5310,68.69,29.29,92.05,3.31,43.44,313.3,,971.7,47.64
2022/6/28,23, D01-2,16,1.2132,6.75,568,206296,8205,63277,1184,35426,5137,69.93,31.41,94.78,2.7,37.31,320.3,,1652.62,21.35
2022/6/28,23, D01-3,12.4,1.2185,6.71,653,210010,13538,55875,1178,38904,4861,68.74,33.54,95.4,3.62,42.4,325.3,,2578.64,122.53
2022/6/28,23, D01-4,13.3,1.2182,6.76,650,207277,12643,55118,1186,38645,4884,69.25,33.34,94.66,3.02,42.86,320.6,,2353.11,23.5
2022/6/28,23, D01-5,9.9,1.2377,6.51,723,231402,28009,35517,1155,52289,3942,72.41,34.64,102.16,3.48,45.91,353.3,,5642.89,66.61
2022/6/28,23, D01-6,9.4,1.2611,6.13,730,260626,12620,11507,989,79529,2468,87.89,26.3,122.2,3.82,79.18,368.8,,4630.55,202.96
2022/6/28,23, D01-7,8.7,1.2667,5.93,1063,266392,11091,8133,954,83801,2252,90.22,24.44,126.39,3.26,91.67,374,,4114.83,54.26
2022/6/28,23, D01-8,8.9,1.2682,5.9,1048,268071,10621,8853,990,84114,2228,91.01,24.97,128.28,3.19,91.95,376.3,,3825.67,60.43
2022/6/28,23, D06-1,19.7,1.2713,6.56,391,207054,10348,63718,1227,34805,5476,67.53,33.8,87.24,2,27.3,323.2,,1914.24,30.53
2022/6/28,23, D06-2,17.2,1.2213,6.61,566,207674,17766,57871,1228,35795,5311,64.42,34.51,88.41,1.98,23.86,326.4,,3117.27,52.29
2022/6/28,23, D06-3,14.1,1.2298,6.59,549,215976,30703,51229,1233,38063,5089,60.67,35.9,86.97,2.22,32.07,343.1,,5231.6,173.34
2022/6/28,23, D06-4,11.8,1.2299,6.6,568,215484,30500,51933,1226,37596,5104,61.13,36.06,86.55,2.09,31.93,342.6,,5165.86,44.8
2022/6/28,23, D11-1,20.1,1.2114,6.81,419,201478,1728,69695,1126,32407,5189,73.82,27.27,91.34,2.19,47.6,312.3,,890.69,138.91
2022/6/28,23, D11-2,19.6,1.2105,6.92,482,201619,1653,69030,1127,32866,5286,74.72,27.1,90.77,2.51,38.11,312.3,,686.87,87.09
2022/6/28,23, D11-3,19.6,1.2103,6.92,614,203021,1679,71001,1112,32313,5215,74.82,27.36,89.91,2.52,48.88,315.2,,606.02,9.32
2022/6/28,23, BS1,17.3,1.2201,6.64,765,212987,7876,53558,1214,43015,5307,88.41,41.19,113.6,1.99,43.39,325,,1792.48,42.01
2022/6/28,23, BS2,18.6,1.2169,6.71,624,207629,6074,57411,1262,39736,5667,85.27,38.28,108.7,2.1,51.28,318.7,,1319.83,87.38
2022/6/28,23, CL1,16,1.2198,6.67,589,216279,10446,57376,1110,41212,4693,71.24,32.08,99.64,2.08,38.21,331.9,,2642.84,20.7
2022/6/28,23, HS1,27.6,1.2095,6.86,759,205041,1790,64185,1133,36785,5972,85.32,35.51,108.33,2.52,41.58,315.9,,792.02,107.27
2022/6/28,23, HS2,22.3,1.2085,6.87,608,204947,1772,65135,1169,36217,6021,83.5,34.68,105.69,2.17,38.97,316.1,,732.05,41.52
2022/7/10,24, D01-1,21.7,1.2101,6.85,560,195594,4294,66039,1270,31490,5265,67.89,29.39,88.42,2.12,19.8,304.7,,1226.8,586.4
2022/7/10,24, D01-2,18.1,1.2121,6.81,599,192465,7713,56310,1159,34491,4933,66.91,30.52,91.21,2.47,15.55,297.9,,1545,28.9
2022/7/10,24, D01-3,14.6,1.2135,6.81,599,195039,8505,54685,1164,35992,4967,68.12,31.21,93.56,2.86,13.12,301.2,,1651.5,18.8
2022/7/10,24, D01-4,12.9,1.2173,6.84,633,195564,12708,47690,1172,38501,4719,67.73,33.35,95.22,2.02,13.74,301.2,,2362.5,24.4
2022/7/10,24, D01-5,11.4,1.2351,6.63,692,212883,26591,29384,1142,49626,3948,69.41,34,98.23,2.77,13.64,324.5,,4849.7,34.4
2022/7/10,24, D01-6,9.6,1.2679,5.93,845,258296,9544,8465,1029,81196,2071,92.18,24.45,128.73,2.3,28.99,361.7,,2944.9,60.1
2022/7/10,24, D06-1,20.8,1.2154,6.58,528,194916,8629,59344,1226,33464,5249,65.84,33.57,87.01,2.06,14.62,303.6,,1554,18.2
2022/7/10,24, D06-2,18.9,1.2165,6.6,551,196590,11869,57117,1246,34173,5150,65.66,34.21,87.76,2.03,14.22,306.9,,1836.3,22.3
2022/7/10,24, D06-3,15.4,1.2316,6.53,522,205173,34017,43372,1225,37395,4750,58.24,35.74,85.63,1.97,13.71,326.7,,4992.7,44.4
2022/7/10,24, D06-4,13,1.2321,6.47,531,210482,34172,45734,1278,37913,4848,58.79,36.17,86.39,1.95,14.9,335.2,,5690.9,89.5
2022/7/10,24, D11-1,20.7,1.2087,6.91,421,187946,1611,63699,1185,30906,5053,70.2,26.61,87.64,2.09,19.21,291,,584.5,14.4
2022/7/10,24, D11-2,20.5,1.2098,6.93,587,191754,1639,65139,1195,31504,5203,72.32,27.27,88.22,2.04,17.59,297.2,,571.1,15.7
2022/7/10,24, D11-3,20.5,1.2095,6.93,484,193110,1648,65737,1200,31629,5217,72.37,26.97,87.5,2.03,18.56,299.2,,593.8,21.9
2022/7/10,24, BS1,20.7,1.2305,6.51,678,213943,14982,34246,1536,50792,3932,78.48,46.17,111.3,2.2,55.91,320.4,,3131.1,69.1
2022/7/10,24, BS2,19.9,1.2202,6.66,722,200203,9340,46508,1319,41763,4998,74.87,31.37,103.43,2.3,41.51,305.1,,1896.3,27.9
2022/7/10,24, CL1,17.6,1.2276,6.53,748,212662,12482,36357,1314,50123,3695,62.4,25.15,102.3,2.29,40.26,317.6,,3003.6,27.3
2022/7/10,24, HS1,21.9,1.2141,6.83,843,196064,1738,53165,1080,39532,5686,83.75,26.62,111.67,2.04,41.74,298.4,,737.1,21.2
2022/7/10,24, HS2,21.3,1.2138,6.83,789,198816,2127,55438,1118,39151,5808,82.87,26.45,111.47,2.27,48.18,303.5,,765.8,21.5
2022/7/21,25, D01-1,19.9,1.2104,6.91,566,191106,4533,66022,1190,30006,5469,80.5,28.45,122.07,3.65,28.79,299.2,,1317.3,106
2022/7/21,25, D01-2,17.7,1.2111,6.9,592,192736,5414,64357,1199,31159,5425,78.17,29.72,111.58,3.46,16.98,301.1,,1286.9,52.4
2022/7/21,25, D01-3,15.9,1.2113,6.95,611,190035,5865,63291,1185,30684,5486,78.67,29.98,112.02,2.5,31.2,297.4,,1547.6,122.6
2022/7/21,25, D01-4,13.8,1.218,6.89,628,196516,12972,57697,1187,33578,5197,81.81,31.99,100.26,3.45,26.61,308,,2572,81.9
2022/7/21,25, D01-5,12.2,1.2368,6.62,721,215874,29632,34793,1145,46909,4142,83.4,34.69,103.33,4.92,182.05,333.6,,6327.9,359.9
2022/7/21,25, D01-6,10.3,1.2554,6.16,846,236132,19474,15256,1054,67048,2620,87.21,32.85,112.06,4.16,40.27,342.7,,8679,202.6
2022/7/21,25, D01-7,9.9,1.261,6.09,931,251679,15662,13026,1046,74717,2411,99.11,29.62,120.43,5.22,23.07,359.8,,6541.1,77.7
2022/7/21,25, D06-1,19.8,1.2128,5.69,567,190806,8142,66066,1238,28762,5612,74.82,33.94,92.19,2.48,20.64,301.4,,1906.4,1505.2
2022/7/21,25, D06-2,18.3,1.2148,6.57,553,190322,10705,64235,1229,28734,5483,74.09,34.14,89.12,2.66,13.08,301.5,,2054.6,170.4
2022/7/21,25, D06-3,16,1.2312,6.36,518,209703,36242,51586,1262,34001,5168,70.97,36.45,90.77,3.18,21.22,338.7,,6340,5321.2
2022/7/21,25, D11-1,19.5,1.2098,6.73,510,200551,2062,77087,1128,28197,5489,87.4,41.18,106.62,2.27,24.25,315.3,,855,56.4
2022/7/21,25, D11-2,19.3,1.2087,6.74,508,182979,1849,70410,1037,25703,5022,82.49,39.25,115.44,2.44,22.47,287.8,,718,43.7
2022/7/21,25, D11-3,19.2,1.2087,6.72,516,191766,1901,72279,1056,27754,5222,85.14,39.86,91.71,3.6,18.13,300.7,,780.2,88
2022/7/21,25, BS1,16,1.2359,5.98,732,217391,18838,30619,1476,52532,3073,109.91,70.73,125.1,2.46,26.62,325,,4866.7,2874.2
2022/7/21,25, BS2,17.5,1.2234,6.27,669,204296,12423,46380,1299,42230,4758,106.12,54.8,136.18,3.26,20.69,312.4,,3174,509.5
2022/7/21,25, CL1,15.9,1.2363,5.99,805,219127,14742,28295,1083,55953,3335,94.67,45.04,135.62,2.51,29.72,323.7,,4479.6,125.3
2022/7/21,25, HS1,21.2,1.2167,6.44,920,200915,2212,51950,876,42014,6330,132.81,51.52,148.52,3.88,27.76,305.6,,1314.9,2229.8
2022/7/21,25, HS2,21,1.2149,6.49,860,226720,2350,62514,1052,45272,6939,137.8,54.07,144.58,2.23,28.76,346.1,,1058.4,308.5
2022/8/1,26, D01-1,21.7,1.2131,6.79,592,184015,5216,62772,1095,29049,5099,105.39,49.93,113.71,3.07,20.22,288.1,,1504.1,1485.3
2022/8/1,26, D01-2,17.2,1.2148,6.75,646,188464,7726,59610,1081,31431,4896,103.17,51.3,112.29,2.69,17.79,294.2,,3822.9,4262.3
2022/8/1,26, D01-3,15.3,1.2146,6.88,634,189919,8010,59825,1081,31730,4915,103.05,51.33,111.23,4.48,13.03,296.4,,1966.4,213.3
2022/8/1,26, D01-4,14.1,1.2197,6.77,649,193671,13339,53109,1113,34851,4759,104.47,54.72,114.22,2.19,21.6,301.8,,3040.9,299.1
2022/8/1,26, D01-5,13.4,1.2338,6.7,709,205510,24001,38002,1063,43419,3980,103.31,54.1,131.68,2.94,20.89,317,,5595.3,221
2022/8/1,26, D06-1,21.2,1.2145,6.7,539,188314,7362,64042,1134,29133,5041,98.82,54.28,100.78,3.23,13.24,295.8,,1817.2,148.9
2022/8/1,26, D06-2,19.5,1.2179,6.57,470,193002,11779,62100,1123,30380,5029,98.21,54.59,98.92,2.47,10.47,304.2,,2026,107.1
2022/8/1,26, D06-3,17.3,1.2345,6.57,522,208042,36595,50886,1186,33626,4729,93.24,57.15,107.34,3.92,12,335.9,,5724,505.5
2022/8/1,26, D06-4,14.6,1.2354,6.55,511,210514,37329,49731,1194,34848,4725,92.9,57.21,105.24,2.37,11.92,339.1,,6219.8,60
2022/8/1,26, D11-1/2,20.3,1.2102,6.61,363,183666,2048,70653,1098,25785,5427,101.05,49.41,126.82,2.69,10.57,289.3,,955.3,71.2
2022/8/1,26, D11-3,19.8,1.2108,6.85,483,187063,1978,71682,1135,26435,5448,100.56,49.99,100.26,2.8,17.98,294.5,,886.5,610.8
2022/8/1,26, BS1,21.7,1.2441,6.3,863,220336,18477,23956,1441,57634,4688,140.6,87.12,143.84,2.3,24.78,327.8,,3856.7,340.7
2022/8/1,26, BS2,23.7,1.2349,6.44,838,206599,16916,32963,1514,48461,4151,124.07,77.69,126.17,3.06,22.26,311.8,,3929.9,607.2
2022/8/1,26, CL1,15.6,1.2302,6.48,761,205386,13986,36602,1111,47313,4345,108.11,53.6,123.7,2.24,25.97,309.8,,4446.8,6938.8
2022/8/1,26, HS1,25.4,1.2205,6.7,1037,195640,2300,43448,830,44793,6602,150.75,60.93,153.75,2.05,51.54,295.1,,1031.5,70.1
2022/8/1,26, HS2,24.4,1.2189,6.74,941,195670,2338,46459,903,43124,6556,225.97,59.34,145.19,2.81,20.94,296.4,,1059.7,76
2022/8/11,27, D01-1,23.9,1.213,6.84,592,202619,5868,65192,1254,33888,5036,74.82,32,99.6,2.08,18.6,314.7,,1455.5,48.1
2022/8/11,27, D01-2,20.7,1.2138,6.8,615,208470,5955,65171,1243,35901,5087,74.43,31.79,95.62,2.06,15.8,322.7,,1595,93.1
2022/8/11,27, D01-3,18.3,1.2137,6.78,649,205802,6261,63500,1219,35767,4975,73.91,31.38,93.7,2.82,16.55,318.4,,1525.8,44.5
2022/8/11,27, D01-4,15.4,1.2147,6.8,623,206232,7463,62671,1225,35991,5037,73.16,32.24,95.63,1.96,12.5,319.5,,1851.6,222.2
2022/8/11,27, D01-5,13.4,1.24,6.54,732,232236,29793,32971,1217,53388,3752,73.85,35.94,100.02,2.35,18.93,354.3,,6693,67.8
2022/8/11,27, D06-1,23.2,1.2135,6.35,527,207248,6551,66118,1302,34730,5098,71.36,33.98,97.22,2.26,13.1,321.8,,1505.7,49.6
2022/8/11,27, D06-2,21,1.2134,6.45,519,205418,6654,65626,1312,34318,5098,72.07,34.65,94.99,2.38,11,319.2,,1562.4,44.5
2022/8/11,27, D06-3,18,1.2339,6.63,583,220530,36207,51586,1394,37630,4751,65.05,37.4,99.73,1.93,16.12,352.9,,5836.9,72.7
2022/8/11,27, D06-4,15.4,1.2349,6.47,580,227150,38672,51632,1368,39129,4760,64.23,38.19,101.75,2.25,9.47,363.5,,6097.4,72.1
2022/8/11,27, D11-1/2,22.3,1.211,6.61,396,200381,1992,70197,1247,31732,5476,71.77,30.34,87.77,2.14,20.25,311.6,,853.8,24
2022/8/11,27, D11-3,20.9,1.2108,6.64,344,201862,1983,69871,1223,32398,5441,71.62,29.94,87.62,1.94,13.83,313.3,,792.8,30.1
2022/8/11,27, D11-4,20.4,1.2108,6.62,463,203523,1991,69409,1265,33237,5531,71.91,30.47,87.45,2.17,17,315.6,,797.1,29.6
2022/8/11,27, BS1,21.7,1.243,6.21,731,241102,20725,25451,1591,62825,3055,104.58,71.17,142.41,2.35,30.45,355.8,,4280.8,71.7
2022/8/11,27, BS2,23.7,1.2324,6.36,732,229337,16804,35135,1592,55197,4344,95.2,56.77,124.72,2.71,25.23,343.5,,5885.7,11814.5
2022/8/11,27, CL1,15.6,1.2308,6.34,767,229322,15987,35358,1232,55618,4160,74.38,34.51,178.94,2.49,23.67,342.8,,4679.9,60.8
2022/8/11,27, HS1,25.4,1.2231,6.58,1116,221251.8324,2475,37926.47501,794,56670.08534,6697,126.83,43.65,210.32,4.33,29.18,327.3,,1382.8,1199.9
2022/8/11,27, HS2,24.4,1.2205,6.58,1006,216123.8778,2368,42460.26385,888,52385.48353,6653,119.7,42.07,146.39,1.99,27.5,322.2,,1180.9,133.9
